type,index,homo,gtt,reti_set,net,likelihood,distance,closet_distance,inferred_reti,true_reti,inferred_backbone_reti,true_backbone_reti,
net,1,true,true,0,"(Z:1.0,(((R:1.0,Q:1.0):0.8927765636049921,L:1.0):1.4154807525401516,C:1.0):5.908337692492057);",-142.48627298745515,5.0,0.0,0,1,0,0
net,1,true,true,1,"((C:1.0,((L:1.0)#H1:1.0::0.7576874351637101,(R:1.0,(#H1:1.0::0.24231256483628993,Q:1.0):0.906207547025359):2.110193868832005):1.0304381931925486):5.9083372418818145,Z:1.0);",-135.82352900282996,0.0,0.0,1,1,1,1
net,1,true,true,2,"(Z:1.0,((((L:1.0)#H2:1.0::0.7595517882626339,(R:1.0,(Q:1.0,#H2:1.0::0.24044821173736614):0.9316076037810102):2.093037350019284):0.7316752630034723)#H1:5.933497580408627::0.45224498785457135,(C:1.0,#H1:5.928982624785491::0.5477550121454287):3.84131155893996):5.910940546279744);",-135.58727330552227,3.0,0.0,2,1,1,1
net,1,true,true,3,"((C:1.0,(((((L:1.0)#H3:1.0::0.4189894936686291,(Q:1.0)#H2:1.0::0.24383385827793128):1.0451197946796278)#H1:0.0011774181844964955::0.509300558082654,#H3:1.0::0.5810105063313709):0.4544566415107639,(R:1.0,(#H1:5.90429233111688::0.49069944191734605,#H2:1.0::0.7561661417220688):0.4667799541593036):5.889071516399782):1.0247856862789333):5.908326784540264,Z:1.0);",-135.73920707887007,7.0,0.0,3,1,1,1
net,2,true,true,0,"((C:1.0,(L:1.0,(Q:1.0,R:1.0):1.1458980337503157):1.3625475834684202):5.908338051486872,Z:1.0);",-130.92534313284267,5.0,0.0,0,1,0,0
net,2,true,true,1,"((C:1.0,((L:1.0,(Q:1.0)#H1:1.0::0.24935168078059888):0.7514738306596311,(#H1:1.0::0.7506483192194011,R:1.0):5.915871947579718):1.2673974971174946):5.908338458052301,Z:1.0);",-126.28682422181839,6.0,0.0,1,1,0,0
net,2,true,true,2,"((C:1.0,((((Q:1.0)#H2:1.0::0.130777689488644,L:1.0):5.936368110255275)#H1:5.9136157889639005::0.5688854900176836,(#H1:0.0011774181844964955::0.4311145099823163,(#H2:1.0::0.869222310511356,R:1.0):1.1712805930747001):5.922826184536806):0.6434938631704841):5.908384684779252,Z:1.0);",-124.80537809424719,7.0,0.0,2,1,0,0
net,2,true,true,3,"(Z:1.0,(C:1.0,(((L:1.0,(Q:1.0)#H2:1.0::0.17108187909712794):5.918711313487454)#H1:5.922764274763958::0.9515717481032304,(((#H1:5.913614171969605::0.04842825189676954,R:1.0):4.188357014087819)#H3:0.0011774181844964955::0.017142685450424855,(#H3:0.006360861711692287::0.9828573145495751,#H2:1.0::0.8289181209028721):5.915106689033079):5.911782585684814):1.1593130954193216):5.908328224320858);",-124.7914438498217,8.0,0.0,3,1,0,0
net,3,true,true,0,"((((Q:1.0,R:1.0):0.7741107402763525,L:1.0):1.3899644171521448,C:1.0):5.908293685480859,Z:1.0);",-150.47743906439032,5.0,0.0,0,1,0,0
net,3,true,true,1,"((C:1.0,((L:1.0)#H1:1.0::0.672131602965107,(R:1.0,(#H1:1.0::0.32786839703489307,Q:1.0):0.8528460112481817):3.400572246190013):0.7957711053078156):5.90830678040351,Z:1.0);",-136.47691397813617,0.0,0.0,1,1,1,1
net,3,true,true,2,"(Z:1.0,((L:1.0)#H1:1.0::0.07776615814594379,(C:1.0,((#H1:1.0::0.9222338418540562)#H2:1.0::0.6465648357865841,(R:1.0,(Q:1.0,#H2:1.0::0.35343516421341586):0.8655133215001797):3.06231):1.1709405842286973):5.921333816505105):5.9115812800965175);",-134.66935132499106,6.0,0.0,2,1,1,1
net,3,true,true,3,"(Z:1.0,((L:1.0)#H1:1.0::0.07784263495606625,(C:1.0,((#H1:1.0::0.9221573650439338)#H2:1.0::0.6515904687025381,(R:1.0,(#H2:1.0::0.3484095312974619,Q:1.0):0.8814913843330551):3.031):1.1709405842286973):5.932387127214516):5.91169181813753);",-134.66886914340824,6.0,0.0,2,1,1,1
net,4,true,true,0,"(Z:1.0,(((R:1.0,Q:1.0):0.6876309350037948,L:1.0):1.5562586735209187,C:1.0):5.9083920535453);",-147.78044794308886,5.0,0.0,0,1,0,0
net,4,true,true,1,"(Z:1.0,(C:1.0,((L:1.0)#H1:1.0::0.6440205340889227,(R:1.0,(#H1:1.0::0.35597946591107726,Q:1.0):0.6261602577835412):2.553331835939619):0.9598501632049062):5.908405160129591);",-138.87099046106565,0.0,0.0,1,1,1,1
net,4,true,true,2,"((C:1.0,((((L:1.0)#H2:1.0::0.371445956014016,Q:1.0):0.0011774181844964955)#H1:0.0011774181844964955::0.05563412215598973,(#H2:1.0::0.628554043985984,(#H1:0.8563510648217771::0.9443658778440103,R:1.0):5.934838502829519):0.4472264622557643):0.569638922962277):5.908452579162119,Z:1.0);",-137.6150093271843,5.0,0.0,2,1,1,1
net,4,true,true,3,"(Z:1.0,((C:1.0,((Q:1.0)#H2:1.0::0.020710366426630034)#H1:1.0::0.9570638976584881):5.932928638611265,((L:1.0)#H3:1.0::0.6122922708368923,(R:1.0,(#H1:1.0::0.042936102341511906,(#H3:1.0::0.38770772916310775,#H2:1.0::0.97928963357337):0.5941179022329116):0.0027058743078686104):5.934371089724866):0.9394419835472948):5.908455553691773);",-136.05183027800305,7.0,0.0,3,1,1,1
net,5,true,true,0,"((((Q:1.0,R:1.0):0.9732575935339567,L:1.0):1.27344053441257,C:1.0):5.908252307269172,Z:1.0);",-145.16530915674062,5.0,0.0,0,1,0,0
net,5,true,true,1,"((C:1.0,((L:1.0)#H1:1.0::0.7148502436903251,(R:1.0,(Q:1.0,#H1:1.0::0.2851497563096749):0.2742149295609071):2.6839258857885886):0.8210251894980541):5.908267792705955,Z:1.0);",-139.97789485153288,0.0,0.0,1,1,1,1
net,5,true,true,2,"(Z:1.0,((C:1.0)#H1:1.0::0.9549150281252629,(((#H1:1.0::0.045084971874737145,L:1.0):0.0011774181844964955)#H2:0.0011774181844964955::0.7087770474081495,(R:1.0,(#H2:0.0011774181844964955::0.2912229525918505,Q:1.0):0.29535231944178186):3.286412629153579):0.9446949324881785):5.909660809786451);",-137.50387495053738,7.0,0.0,2,1,1,1
net,5,true,true,3,"(Z:1.0,((C:1.0)#H1:1.0::0.9904633130551569,((L:1.0)#H2:1.0::0.696061990184559,(R:1.0,(#H2:1.0::0.30393800981544095,(#H1:1.0::0.009536686944843062,Q:1.0):5.933491946191506):0.24673358346888993):3.337315528700219):0.8689736983303291):5.9086654196566);",-137.09049230276844,6.0,0.0,2,1,1,1
net,6,true,true,0,"(((L:1.0,(Q:1.0,R:1.0):0.6517780632226501):1.5667669256778465,C:1.0):5.908405098670677,Z:1.0);",-149.1920149286506,5.0,0.0,0,1,0,0
net,6,true,true,1,"(Z:1.0,(C:1.0,((L:1.0)#H1:1.0::0.637070929943079,(R:1.0,(#H1:1.0::0.362929070056921,Q:1.0):0.8587431207044366):2.568555810544364):0.9506729701322408):5.908437105636573);",-137.47694978776553,0.0,0.0,1,1,1,1
net,6,true,true,2,"(Z:1.0,(((R:1.0,(Q:1.0)#H1:1.0::0.5487045444811568):2.7774820136107694,((L:1.0)#H2:1.0::0.8233365102896708,#H1:1.0::0.4512954555188432):0.8898132459570639):2.812082586473543,(#H2:1.0::0.1766634897103292,C:1.0):0.38585933479636264):5.908623790293975);",-136.07041527219894,6.0,0.0,2,1,0,0
net,6,true,true,3,"(Z:1.0,((((R:1.0)#H2:1.0::0.27511725216027905,((L:1.0)#H3:1.0::0.7907396790210858,(#H2:1.0::0.724882747839721,Q:1.0):1.1649758626378466):5.935276348117787):2.243220343655464)#H1:5.913602082883267::0.0170434114006498,(#H1:0.0011774181844964955::0.9829565885993502,(C:1.0,#H3:1.0::0.20926032097891423):0.32097249141443457):5.913543905638595):5.913574637312077);",-135.42229649013854,7.0,0.0,3,1,0,0
net,7,true,true,0,"(((L:1.0,(R:1.0,Q:1.0):0.9327888476081322):1.4462763373581018,C:1.0):5.908372408958121,Z:1.0);",-138.07235626248726,5.0,0.0,0,1,0,0
net,7,true,true,1,"(Z:1.0,(C:1.0,((L:1.0)#H1:1.0::0.8030625139886487,(R:1.0,(#H1:1.0::0.19693748601135125,Q:1.0):0.5809642533682678):1.664989141730714):1.1895087964633944):5.9083584130059394);",-135.6773542231453,0.0,0.0,1,1,1,1
net,7,true,true,2,"((C:1.0,((((Q:1.0)#H2:1.0::0.1816178025988182,L:1.0):0.5406120906875651)#H1:5.915935852082196::0.6235307847082948,(#H1:0.5409406329666079::0.3764692152917052,(#H2:1.0::0.8183821974011818,R:1.0):0.7622313814702164):2.884635150482157):0.8783837361525101):5.9083699198486865,Z:1.0);",-135.2085979109072,7.0,0.0,2,1,0,0
net,7,true,true,3,"(Z:1.0,(C:1.0,((((Q:1.0)#H2:1.0::0.2138490680902626,L:1.0):0.5894614669131549)#H1:5.9300098515353055::0.5339435613888877,(#H1:0.0011774181844964955::0.46605643861111234,(#H2:1.0::0.7861509319097374,R:1.0):1.0758677860997072):5.912340072219845):0.6867092797029419):5.9083722975375945);",-135.16747111965975,7.0,0.0,2,1,0,0
net,8,true,true,0,"((((Q:1.0,R:1.0):0.888747116282428,L:1.0):1.459237158305956,C:1.0):5.90835744966143,Z:1.0);",-140.57878344064207,5.0,0.0,0,1,0,0
net,8,true,true,1,"((C:1.0,((L:1.0)#H1:1.0::0.7285881996019088,(R:1.0,(#H1:1.0::0.27141180039809115,Q:1.0):0.647531565676387):2.4269825183707376):1.0249062886227764):5.908358477099821,Z:1.0);",-133.97265668452854,0.0,0.0,1,1,1,1
net,8,true,true,2,"(((C:1.0,((L:1.0)#H2:1.0::0.7303787972033529,(R:1.0,(#H2:1.0::0.2696212027966472,Q:1.0):0.6344976882140975):2.4419606312138336):1.0247842645301124):5.913609134120609)#H1:5.913620987299963::0.9985126256233825,(#H1:5.913687591368276::0.0014873743766175402,Z:1.0):0.0011774181844964955);",-133.76709317665177,2.0,0.0,2,1,1,1
net,8,true,true,3,"(Z:1.0,(((C:1.0)#H1:1.0::0.017142685450424855,(#H1:1.0::0.9828573145495751,((Q:1.0,(L:1.0)#H3:1.0::0.32448890898484734):0.0011774181844964955)#H2:0.0011774181844964955::0.02075037670198573):5.913612583930223):5.929030332097938,(#H3:1.0::0.6755110910151527,(#H2:0.5444336603293574::0.9792496232980142,R:1.0):5.925184347639578):1.0198696225976924):5.908456470059204);",-131.1605218668591,6.0,0.0,3,1,1,1
net,9,true,true,0,"((((R:1.0,Q:1.0):0.6007365589258424,L:1.0):1.4783996799671173,C:1.0):5.90835054536559,Z:1.0);",-155.72638590842044,5.0,0.0,0,1,0,0
net,9,true,true,1,"((C:1.0,((L:1.0)#H1:1.0::0.6385754478980367,(R:1.0,(#H1:1.0::0.36142455210196334,Q:1.0):0.9386645416038131):2.195489826063183):0.9123913812801571):5.908368846854557,Z:1.0);",-144.09534336208296,0.0,0.0,1,1,1,1
net,9,true,true,2,"(Z:1.0,((L:1.0)#H1:1.0::0.21913282415512325,(C:1.0,((R:1.0)#H2:1.0::0.3011071643186969,(#H1:1.0::0.7808671758448767,(#H2:1.0::0.6988928356813031,Q:1.0):1.1334390534128125):5.925186172984324):1.8927636971117812):0.2519663952510391):5.91045874986529);",-141.77610450690335,6.0,0.0,2,1,0,0
net,9,true,true,3,"(Z:1.0,((C:1.0)#H1:1.0::0.9171715919895729,((L:1.0)#H2:1.0::0.6076662482794992,(#H1:1.0::0.08282840801042717,(R:1.0,(#H2:1.0::0.3923337517205007,Q:1.0):0.8572144408316711):0.8986944524281021):2.3691616244960656):1.1829005171729357):5.909694765305599);",-141.38358361257963,4.0,0.0,2,1,1,1
net,10,true,true,0,"((((Q:1.0,R:1.0):0.8159739838632865,L:1.0):1.5334358757474933,C:1.0):5.908402458597337,Z:1.0);",-141.63172788496647,5.0,0.0,0,1,0,0
net,10,true,true,1,"(Z:1.0,(C:1.0,((L:1.0)#H1:1.0::0.6909830056250525,(R:1.0,(#H1:1.0::0.30901699437494745,Q:1.0):0.5871395422551938):2.4647408757179874):1.0326870166532067):5.908395481024725);",-134.69483046155165,0.0,0.0,1,1,1,1
net,10,true,true,2,"(Z:1.0,((C:1.0,(L:1.0)#H1:1.0::0.21984706918905048):0.19885377544960933,((R:1.0)#H2:1.0::0.19335664088870552,(#H1:1.0::0.7801529308109495,(#H2:1.0::0.8066433591112945,Q:1.0):1.1214778433520418):5.906318972309018):1.8541019662496847):5.908705455052616);",-133.364144937927,6.0,0.0,2,1,0,0
net,10,true,true,3,"(Z:1.0,(((((L:1.0,(Q:1.0)#H3:1.0::0.10980016729664015):5.930636803435061)#H2:5.913608461952869::0.7224016018536782,(R:1.0,(#H2:0.0011774181844964955::0.2775983981463218,#H3:1.0::0.8901998327033599):0.1775373925251532):5.939754844852109):0.5895942679198583)#H1:5.910555355366196::0.7195034208378128,(#H1:0.152636813180046::0.2804965791621871,C:1.0):5.9398910248551):5.912696687592057);",-133.4782308143711,8.0,0.0,3,1,1,1
net,1,true,false,0,"((((R:1.0,Q:1.0):0.8572096736030671,L:1.0):1.5102919047059855,C:1.0):5.908390375957836,Z:1.0);",-139.6297486857621,5.0,0.0,0,1,0,0
net,1,true,false,1,"((C:1.0,((L:1.0)#H1:1.0::0.755158806548696,(R:1.0,(Q:1.0,#H1:1.0::0.24484119345130398):1.0294061003111399):2.001240776332647):1.1458980337503157):5.908390568242583,Z:1.0);",-132.93768472811024,0.0,0.0,1,1,1,1
net,1,true,false,2,"(Z:1.0,((C:1.0)#H1:1.0::0.011173997881521625,(#H1:1.0::0.9888260021184784,((L:1.0)#H2:1.0::0.7607374011468961,(R:1.0,(Q:1.0,#H2:1.0::0.2392625988531039):1.0644176914154762):1.9812861940389148):1.1334390534128125):5.930046979371261):5.913590302806613);",-132.7314280300897,3.0,0.0,2,1,1,1
net,1,true,false,3,"(Z:1.0,(((L:1.0)#H2:1.0::0.2461068489729702)#H1:1.0::0.3687011781812196,(C:1.0,(#H2:1.0::0.7538931510270298,(R:1.0,(#H1:1.0::0.6312988218187804,Q:1.0):5.940171330117115):1.4018047229838746):1.7180433088791942):0.4323171602384371):5.911289793523554);",-132.6515636618488,6.0,0.0,2,1,1,1
net,2,true,false,0,"((((R:1.0,Q:1.0):1.1458980337503157,L:1.0):1.4203907291504942,C:1.0):5.908358649656003,Z:1.0);",-129.12307919809862,5.0,0.0,0,1,0,0
net,2,true,false,1,"((C:1.0,((L:1.0)#H1:1.0::0.8264848438104243,(R:1.0,(#H1:1.0::0.1735151561895757,Q:1.0):1.1334390534128125):2.265111596210558):1.1458980337503157):5.9083615977272945,Z:1.0);",-123.55737424626714,0.0,0.0,1,1,1,1
net,2,true,false,2,"((C:1.0,((L:1.0)#H1:1.0::0.4884679420980562,(((Q:1.0)#H2:1.0::0.24499844695436832,#H1:1.0::0.5115320579019438):3.598884282175566,(R:1.0,#H2:1.0::0.7550015530456317):1.3810113360031375):1.887344455419729):0.7346214498049298):5.908367459116082,Z:1.0);",-123.29831109180992,6.0,0.0,2,1,1,1
net,2,true,false,3,"(Z:1.0,((L:1.0)#H1:1.0::0.1819125581446942,(C:1.0,(((#H1:1.0::0.8180874418553058,(Q:1.0)#H3:1.0::0.29405521455855654):0.7344241804965037)#H2:2.907868654035901::0.07491525933757914,(#H2:0.015098285074957377::0.9250847406624209,(#H3:1.0::0.7059447854414435,R:1.0):4.701000799561695):0.02070991694969066):2.2023379496041153):0.0011774181844964955):5.9101470719584315);",-123.16015235321177,7.0,0.0,3,1,0,0
net,3,true,false,0,"((C:1.0,((Q:1.0,R:1.0):0.8405372449007646,L:1.0):1.2882712521971467):5.908242264542688,Z:1.0);",-151.8400796125646,5.0,0.0,0,1,0,0
net,3,true,false,1,"(Z:1.0,((L:1.0)#H1:1.0::0.27404542575888713,(C:1.0,(#H1:1.0::0.7259545742411129,(Q:1.0,R:1.0):0.5462069892761936):5.933344379765747):0.6477615160618484):5.910561265544132);",-136.08873923116226,5.0,0.0,1,1,0,0
net,3,true,false,2,"(Z:1.0,(((L:1.0)#H2:1.0::0.4859550339503906)#H1:1.0::0.2625446317344785,(C:1.0,(#H2:1.0::0.5140449660496094,(R:1.0,(Q:1.0,#H1:1.0::0.7374553682655215):0.40791850127531937):5.934704864421317):1.2256803675432661):5.939016938547149):5.910514142289213);",-133.27177790066352,6.0,0.0,2,1,1,1
net,3,true,false,3,"(Z:1.0,(((L:1.0)#H2:1.0::0.5)#H1:1.0::0.2812777790806458,(C:1.0,(#H2:1.0::0.5,(R:1.0,(#H1:1.0::0.7187222209193542,Q:1.0):0.40905325120205827):5.939406993208077):1.300425640647705):2.5889289577365444):5.911485363278275);",-133.28255858667168,6.0,0.0,2,1,1,1
net,4,true,false,0,"(((L:1.0,(Q:1.0,R:1.0):0.6755723844331709):1.3574844306803475,C:1.0):5.9082704048858545,Z:1.0);",-156.77363781934412,5.0,0.0,0,1,0,0
net,4,true,false,1,"((C:1.0,((L:1.0)#H1:1.0::0.6310164425571126,(R:1.0,(Q:1.0,#H1:1.0::0.36898355744288736):0.5969100715525423):2.807246027398207):0.7215056823577959):5.908313034965357,Z:1.0);",-145.70803210211054,0.0,0.0,1,1,1,1
net,4,true,false,2,"((C:1.0,((((R:1.0)#H2:1.0::0.07294901687515776,L:1.0):5.9300854716960005)#H1:5.913613565401749::0.7034049723467077,(#H2:1.0::0.9270509831248422,(#H1:0.0011774181844964955::0.2965950276532922,Q:1.0):1.7575747648862687):5.9185011199849615):0.7656585446145336):5.908281885301589,Z:1.0);",-143.93121082604108,7.0,0.0,2,1,1,1
net,4,true,false,3,"(Z:1.0,((C:1.0,((Q:1.0)#H2:1.0::0.17422439014225477)#H1:1.0::0.1135016497704188):5.913521358407355,((L:1.0)#H3:1.0::0.6391183162804901,(#H1:1.0::0.8864983502295812,(R:1.0,(#H3:1.0::0.3608816837195099,#H2:1.0::0.8257756098577452):1.1038574375441408):0.7573215205993744):5.933039177710349):0.7573694156720309):5.908317184159298);",-142.92358562191455,7.0,0.0,3,1,1,1
net,5,true,false,0,"(Z:1.0,(C:1.0,((Q:1.0,R:1.0):1.0637146088709395,L:1.0):0.9466857277817283):5.9080116358895856);",-156.31849530906103,5.0,0.0,0,1,0,0
net,5,true,false,1,"((C:1.0,((L:1.0)#H1:1.0::0.8212032919869526,(R:1.0,(#H1:1.0::0.17879670801304734,Q:1.0):0.6041359602593649):1.9349953233474253):0.6887533660856189):5.908079277606353,Z:1.0);",-152.4628390768276,0.0,0.0,1,1,1,1
net,5,true,false,2,"(Z:1.0,((C:1.0)#H1:1.0::0.9810787723482495,((L:1.0)#H2:1.0::0.7994752259506778,(R:1.0,(#H2:1.0::0.2005247740493222,(Q:1.0,#H1:1.0::0.01892122765175057):5.926387814290675):0.5982195438584031):2.257428214999309):0.7800551404785557):5.909520392747863);",-149.41407696836922,6.0,0.0,2,1,1,1
net,5,true,false,3,"(Z:1.0,((C:1.0)#H1:1.0::0.9244263002241516,(((L:1.0,(#H1:1.0::0.07557369977584838,(Q:1.0)#H3:1.0::0.17349383881320146):5.938871985936315):0.0011774181844964955)#H2:0.7176379610866812::0.8661637252257763,(R:1.0,(#H3:1.0::0.8265061611867985,#H2:0.0011774181844964955::0.13383627477422372):0.6438481272325799):5.917282807340493):0.9553116620571916):5.909868857638375);",-149.1890532824791,8.0,0.0,3,1,1,1
net,6,true,false,0,"(Z:1.0,(((R:1.0,Q:1.0):0.5954532555396923,L:1.0):1.5270471421252279,C:1.0):5.908355381501455);",-154.2090359156434,5.0,0.0,0,1,0,0
net,6,true,false,1,"(Z:1.0,(C:1.0,((L:1.0)#H1:1.0::0.6119352181500186,(R:1.0,(Q:1.0,#H1:1.0::0.3880647818499814):0.89363763670784):2.6835791414344166):0.854814712059989):5.908389625843692);",-140.39790440216507,0.0,0.0,1,1,1,1
net,6,true,false,2,"(Z:1.0,((C:1.0,(L:1.0)#H1:1.0::0.22008864950241094):0.38140290173348723,((R:1.0)#H2:1.0::0.30901699437494745,(#H1:1.0::0.7799113504975891,(#H2:1.0::0.6909830056250525,Q:1.0):1.1187565503847055):5.936230095416095):2.3375835532255023):5.908720531633135);",-138.25416499406484,6.0,0.0,2,1,0,0
net,6,true,false,3,"(Z:1.0,(((C:1.0,(L:1.0)#H2:1.0::0.22181142198669968):0.39456597194641546)#H1:5.913512908217935::0.017142685450424855,(#H1:0.001876051615072649::0.9828573145495751,((R:1.0)#H3:1.0::0.30901699437494745,(#H2:1.0::0.7781885780133003,(Q:1.0,#H3:1.0::0.6909830056250525):1.1174848408473037):5.932124950236496):2.322620294327167):5.913551429816708):5.913571113230061);",-138.06444834398755,7.0,0.0,3,1,0,0
net,7,true,false,0,"((C:1.0,((Q:1.0,R:1.0):0.858783678896965,L:1.0):1.464784286003747):5.9083587962253565,Z:1.0);",-141.58128296375335,5.0,0.0,0,1,0,0
net,7,true,false,1,"((C:1.0,((L:1.0)#H1:1.0::0.7696485825662567,(R:1.0,(#H1:1.0::0.23035141743374332,Q:1.0):0.6255030820247696):1.7099613306243138):1.1458980337503157):5.908357103013989,Z:1.0);",-138.22801007163093,0.0,0.0,1,1,1,1
net,7,true,false,2,"((C:1.0,((L:1.0)#H1:1.0::0.537880156385114,((R:1.0)#H2:1.0::0.39769244049643016,(#H1:1.0::0.462119843614886,(#H2:1.0::0.6023075595035698,Q:1.0):1.0533822336621834):1.0068896941741639):1.158357014087819):0.8846592388158951):5.908370705681198,Z:1.0);",-138.0862613535742,6.0,0.0,2,1,1,1
net,7,true,false,3,"((C:1.0,((((Q:1.0)#H2:1.0::0.24043869326557543,L:1.0):0.3473698185339204)#H1:5.936584459257952::0.628495194589357,((#H1:3.2436685042706497::0.371504805410643)#H3:0.0370136568272907::0.7721048490565884,(#H3:5.912409530596726::0.22789515094341162,(R:1.0,#H2:1.0::0.7595613067344246):0.001876051615072649):1.2981582353915724):5.939326067696308):0.8540259401677764):5.90837306855113,Z:1.0);",-137.75585144957628,8.0,0.0,3,1,0,0
net,8,true,false,0,"((((Q:1.0,R:1.0):0.8783487622041367,L:1.0):1.1621244804267394,C:1.0):5.908133018492654,Z:1.0);",-155.25547855132172,5.0,0.0,0,1,0,0
net,8,true,false,1,"((C:1.0,((L:1.0)#H1:1.0::0.7029935842116142,(R:1.0,(#H1:1.0::0.2970064157883859,Q:1.0):0.5733752511212666):2.829555671564324):0.6532170805433881):5.908157077087548,Z:1.0);",-145.51946441586063,0.0,0.0,1,1,1,1
net,8,true,false,2,"((C:1.0,((((R:1.0)#H2:1.0::0.06837258947777411,L:1.0):5.938479374786575)#H1:5.929701519264335::0.7690268556223165,(#H2:1.0::0.9316274105222259,(#H1:0.0011774181844964955::0.2309731443776834,Q:1.0):1.7710958655383942):5.93156685529261):0.6859756374463657):5.908191018526431,Z:1.0);",-143.77537819044676,7.0,0.0,2,1,1,1
net,8,true,false,3,"(Z:1.0,(((L:1.0)#H1:1.0::0.6740668824929457,((((Q:1.0,#H1:1.0::0.3259331175070543):0.0011774181844964955)#H3:0.0011774181844964955::0.08950336800924263)#H2:5.928420061103529::0.7675251860637707,(#H3:0.7997909515683284::0.9104966319907574,R:1.0):5.933593349668003):5.911204527535241):0.6568388809312866,(#H2:0.0011774181844964955::0.23247481393622926,C:1.0):5.939941010735662):5.908326125768566);",-142.82908005233804,6.0,0.0,3,1,1,1
net,9,true,false,0,"((C:1.0,((R:1.0,Q:1.0):0.6263044374851183,L:1.0):1.6740500310754034):5.908465935270623,Z:1.0);",-145.70453850883587,5.0,0.0,0,1,0,0
net,9,true,false,1,"((C:1.0,((L:1.0)#H1:1.0::0.6422832745449761,(R:1.0,(Q:1.0,#H1:1.0::0.35771672545502387):1.1044187357402757):2.4536770701336037):1.0835365485938735):5.908493636208141,Z:1.0);",-132.6349876155156,0.0,0.0,1,1,1,1
net,9,true,false,2,"((C:1.0,(((L:1.0)#H1:1.0::0.6600616085082948,((Q:1.0,#H1:1.0::0.33993839149170524):0.8956326744958467)#H2:5.913622720228457::0.08560059810168189):5.913420256875881,(R:1.0,#H2:0.0011774181844964955::0.9143994018983181):5.938688511032187):1.0687667759880244):5.9084575525200975,Z:1.0);",-131.9047190339784,5.0,0.0,2,1,1,1
net,9,true,false,3,"(Z:1.0,((L:1.0)#H1:1.0::0.1494398903437003,(C:1.0,(((Q:1.0)#H2:1.0::0.3738123345556041,#H1:1.0::0.8505601096562997):1.5147706789691102,(#H2:1.0::0.6261876654443959,R:1.0):1.9096556056091438):2.6676760288808925):0.3299985474415308):5.910714465133377);",-131.6720133466007,6.0,0.0,2,1,0,0
net,10,true,false,0,"(((L:1.0,(Q:1.0,R:1.0):0.7853596236589145):1.4298681940328912,C:1.0):5.908325652854444,Z:1.0);",-147.1381364952309,5.0,0.0,0,1,0,0
net,10,true,false,1,"((C:1.0,((L:1.0)#H1:1.0::0.751048187411218,(R:1.0,(#H1:1.0::0.24895181258878196,Q:1.0):0.7359487218897957):1.709812930129183):1.0849704556446744):5.908355370973296,Z:1.0);",-142.43152952076508,0.0,0.0,1,1,1,1
net,10,true,false,2,"(Z:1.0,((C:1.0,(L:1.0)#H1:1.0::0.17186510749304884):0.42179584223698696,((R:1.0)#H2:1.0::0.2254108875513452,(#H1:1.0::0.8281348925069512,(Q:1.0,#H2:1.0::0.7745891124486548):1.234414728813074):1.2493018386311978):1.566920286711914):5.90855559330246);",-141.36758377173146,6.0,0.0,2,1,0,0
net,10,true,false,3,"(Z:1.0,((((L:1.0)#H2:1.0::0.17838535851879603)#H1:1.0::0.5357437886266514,C:1.0):0.990939043566659,((#H1:1.0::0.4642562113733486,(R:1.0,(Q:1.0)#H3:1.0::0.5984275717099787):4.452433752994027):0.29418321283225896,(#H3:1.0::0.40157242829002127,#H2:1.0::0.821614641481204):0.5843564314949627):1.7914532499422164):5.908580768286741);",-141.28376616128776,7.0,0.0,3,1,0,0
net,1,false,false,0,"((((Q:1.0,R:1.0):0.8859449151947297,L:1.0):1.3643627533146185,C:1.0):5.908306347229064,Z:1.0);",-145.08071318987018,5.0,0.0,0,1,0,0
net,1,false,false,1,"((C:1.0,((L:1.0)#H1:1.0::0.7358857052573606,(R:1.0,(Q:1.0,#H1:1.0::0.2641142947426394):1.0686527773834076):2.6203216921838024):0.9222303734287383):5.908356503473433,Z:1.0);",-134.6214951612122,0.0,0.0,1,1,1,1
net,1,false,false,2,"(Z:1.0,(C:1.0,((L:1.0)#H1:1.0::0.7360262762225478,(((#H1:1.0::0.2639737237774522,Q:1.0):0.8713415169948094)#H2:1.011871051864419::0.4571794340058686,(#H2:0.18250507798045618::0.5428205659941314,R:1.0):0.02853141118436679):2.5872572243796363):0.9198626517195142):5.908325060286596);",-134.62090845921767,5.0,0.0,2,1,1,1
net,1,false,false,3,"(Z:1.0,(((L:1.0)#H2:1.0::0.27469649564291393)#H1:1.0::0.10091798048179434,(C:1.0,(#H2:1.0::0.7253035043570861,((R:1.0)#H3:1.0::0.2613999317099568,(#H3:1.0::0.7386000682900432,(#H1:1.0::0.8990820195182057,Q:1.0):0.9502243702242316):3.3490287976001656):1.1334390534128125):1.070716683660119):5.9374888931442324):5.912727755722413);",-134.2501992835066,7.0,0.0,3,1,1,1
net,2,false,false,0,"((C:1.0,((Q:1.0,R:1.0):1.0255024942278754,L:1.0):1.1334390534128125):3.271457543521814,Z:1.0);",-163.1027581570563,5.0,0.0,0,1,0,0
net,2,false,false,1,"(Z:1.0,(C:1.0,((L:1.0)#H1:1.0::0.8643337828275953,(R:1.0,(Q:1.0,#H1:1.0::0.13566621717240465):5.918984232150316):1.7125808945592094):0.9245558216736914):3.2788519443780757);",-156.9690675246478,0.0,0.0,1,1,1,1
net,2,false,false,2,"(Z:1.0,((C:1.0)#H1:1.0::0.6538731530893189,((#H1:1.0::0.346126846910681,(L:1.0,(Q:1.0)#H2:1.0::0.23423325641379933):1.0053155928169697):0.02376663529921512,(#H2:1.0::0.7657667435862007,R:1.0):2.8739104985231143):5.908451877945368):2.6918950803023574);",-155.4382301144325,7.0,0.0,2,1,0,0
net,2,false,false,3,"(Z:1.0,((C:1.0)#H1:1.0::0.3522125190764339,((((L:1.0,(Q:1.0)#H3:1.0::0.2702641866449804):0.0011774181844964955)#H2:0.0011774181844964955::0.1752429203458395,#H1:1.0::0.6477874809235661):0.5356193574616556,(#H2:5.938473367069941::0.8247570796541606,(#H3:1.0::0.7297358133550196,R:1.0):5.9361106797278556):0.9714020636508682):5.939984178961519):2.0872467182294328);",-153.62223163769178,8.0,0.0,3,1,0,0
net,3,false,false,0,"(((L:1.0,(R:1.0,Q:1.0):0.5976817758918865):0.8271687433270442,C:1.0):5.907873891112032,Z:1.0);",-193.73517105341813,5.0,0.0,0,1,0,0
net,3,false,false,1,"((C:1.0,((L:1.0)#H1:1.0::0.6364554272234194,(R:1.0,(Q:1.0,#H1:1.0::0.3635445727765806):0.5935663634236067):1.9869128149483093):0.2886010318723068):5.9078601557700265,Z:1.0);",-181.50226920803522,0.0,0.0,1,1,1,1
net,3,false,false,2,"(Z:1.0,((C:1.0)#H1:1.0::0.5,((L:1.0)#H2:1.0::0.6909830056250525,(#H1:1.0::0.5,(R:1.0,(Q:1.0,#H2:1.0::0.30901699437494745):0.8276469732456503):1.4858655816495894):0.3534357895216293):5.934446212912182):5.910408520702733);",-173.44064042624262,4.0,0.0,2,1,1,1
net,3,false,false,3,"(Z:1.0,((C:1.0)#H1:1.0::0.6105196192984111,(((R:1.0,(Q:1.0,(L:1.0)#H3:1.0::0.28528862682944534):0.960583787450663):1.3400199551533891)#H2:0.0011774181844964955::0.33210458813217947,(#H3:1.0::0.7147113731705547,(#H2:0.3062075748513467::0.6678954118678205,#H1:1.0::0.38948038070158886):5.920274210837815):5.93247383861073):5.939913976378684):5.9107302030811555);",-170.3917346421981,5.0,0.0,3,1,1,1
net,4,false,false,0,"((C:1.0,((Q:1.0,R:1.0):0.7713690166080491,L:1.0):1.2951262291664407):5.908238993911286,Z:1.0);",-154.6803554649445,5.0,0.0,0,1,0,0
net,4,false,false,1,"((C:1.0,((L:1.0)#H1:1.0::0.6477090922753683,(R:1.0,(#H1:1.0::0.35229090772463173,Q:1.0):0.5458836594652875):3.5323282665558033):0.6602211373881633):5.908287487826765,Z:1.0);",-142.15105875384495,0.0,0.0,1,1,1,1
net,4,false,false,2,"(Z:1.0,((((L:1.0)#H2:1.0::0.6565225461098442)#H1:1.0::0.19511183239463462,C:1.0):0.36676728392859254,(#H1:1.0::0.8048881676053654,(R:1.0,(#H2:1.0::0.3434774538901558,Q:1.0):0.5664949161205184):3.1145271490576016):1.0521053199084287):5.908395049278737);",-141.83055881101873,4.0,0.0,2,1,1,1
net,4,false,false,3,"((C:1.0,(((L:1.0)#H1:1.0::0.6480249272233145,((Q:1.0)#H3:1.0::0.027864045000420626)#H2:1.0::0.9885952591908532):0.0011774181844964955,(#H2:1.0::0.011404740809146774,(R:1.0,(#H3:1.0::0.9721359549995794,#H1:1.0::0.3519750727766855):0.6086589882559388):5.913222044508963):5.91666786975522):0.659936910286514):5.908299908543178,Z:1.0);",-141.66413575852232,7.0,0.0,3,1,1,1
net,5,false,false,0,"(Z:1.0,((L:1.0,(Q:1.0,R:1.0):0.9305444308719384):1.1985495081645028,C:1.0):5.908188085449537);",-150.65814264178775,5.0,0.0,0,1,0,0
net,5,false,false,1,"(Z:1.0,((L:1.0)#H1:1.0::0.21896782756044098,(C:1.0,((R:1.0,Q:1.0):0.7291609492619734,#H1:1.0::0.781032172439559):2.358826011517602):0.4579885938614979):5.910345420774058);",-144.97707434020586,5.0,0.0,1,1,0,0
net,5,false,false,2,"(Z:1.0,(((L:1.0)#H1:1.0::0.6909830056250525,((R:1.0,(#H1:1.0::0.30901699437494745,Q:1.0):0.27984505426855105):2.693199942183142)#H2:5.93649671146423::0.6421534221137268):2.35124644068203,(#H2:0.0011774181844964955::0.35784657788627316,C:1.0):0.43149063474602734):5.908781911006981);",-143.70661637285744,4.0,0.0,2,1,1,1
net,5,false,false,3,"(Z:1.0,((C:1.0)#H1:1.0::0.8631307388406684,((L:1.0)#H2:1.0::0.6909830056250525,(#H1:1.0::0.13686926115933165,((R:1.0)#H3:1.0::0.2654571097330999,(#H3:1.0::0.7345428902669001,(#H2:1.0::0.30901699437494745,Q:1.0):0.0011774181844964955):5.903720472422854):0.14008493988424373):1.6410134958794211):1.1458980337503157):5.909827924480653);",-142.37976609247914,6.0,0.0,3,1,1,1
net,6,false,false,0,"((((R:1.0,Q:1.0):0.6545476475105431,L:1.0):1.4584426941986628,C:1.0):4.351032179606422,Z:1.0);",-159.2835605073369,5.0,0.0,0,1,0,0
net,6,false,false,1,"((C:1.0,((L:1.0)#H1:1.0::0.6175826491658203,(R:1.0,(#H1:1.0::0.3824173508341797,Q:1.0):0.38615245729740133):2.2011295271170592):0.8708414460342918):4.350768258535801,Z:1.0);",-153.15965764782158,0.0,0.0,1,1,1,1
net,6,false,false,2,"((C:1.0,(((L:1.0,(Q:1.0)#H2:1.0::0.1414765199243544):5.919891225211191)#H1:5.926454677548585::0.56391598022539,(#H1:0.0011774181844964955::0.43608401977461,(R:1.0,#H2:1.0::0.8585234800756456):0.23500017558349326):5.935684489290344):0.6394743049972962):4.34246664326481,Z:1.0);",-151.32684583132973,7.0,0.0,2,1,0,0
net,6,false,false,3,"(((((L:1.0)#H3:1.0::0.4241194615098578)#H2:1.0::0.16020024076775055)#H1:1.0::0.14454680772363035,Z:1.0):5.913066445090233,((C:1.0,#H1:1.0::0.8554531922763696):5.931468788006599,(#H3:1.0::0.5758805384901422,(R:1.0,(#H2:1.0::0.8397997592322495,Q:1.0):0.41681016163871415):1.834560946587188):1.2760575916234695):5.908140508005631);",-149.40621658769365,7.0,0.0,3,1,1,1
net,7,false,false,0,"((C:1.0,((R:1.0,Q:1.0):0.9520764755446599,L:1.0):0.8594383351419246):4.417769307220182,Z:1.0);",-172.77520699303318,5.0,0.0,0,1,0,0
net,7,false,false,1,"(Z:1.0,((C:1.0)#H1:1.0::0.7782401444487905,((R:1.0,Q:1.0):0.9689625919628959,(#H1:1.0::0.22175985555120953,L:1.0):0.24685004642872996):1.575035155694329):4.145898033750315);",-169.29150243748487,6.0,0.0,1,1,0,0
net,7,false,false,2,"(Z:1.0,((C:1.0)#H1:1.0::0.8715176790890847,(((Q:1.0)#H2:1.0::0.8555326281601427,R:1.0):1.4298391469656189,(L:1.0,(#H2:1.0::0.14446737183985725,#H1:1.0::0.1284823209109153):0.4022535194895948):0.8462811296760887):1.2564209148111414):4.243866174921219);",-167.84175500379556,7.0,0.0,2,1,0,0
net,7,false,false,3,"(Z:1.0,((C:1.0)#H1:1.0::0.6432037810689545,((R:1.0)#H2:1.0::0.1593187549096391,(((L:1.0)#H3:1.0::0.7139073668509083,#H1:1.0::0.3567962189310455):0.1353298370025093,(#H3:1.0::0.2860926331490917,(Q:1.0,#H2:1.0::0.8406812450903609):0.354130491641455):5.939900724027219):0.5074702177696371):0.8251751744174467):4.062149338082287);",-167.35405357500008,7.0,0.0,3,1,0,0
net,8,false,false,0,"(Z:1.0,(((Q:1.0,R:1.0):0.8972105293483869,L:1.0):1.056827268878708,C:1.0):4.392888934325875);",-164.66472949726676,5.0,0.0,0,1,0,0
net,8,false,false,1,"((C:1.0,((L:1.0)#H1:1.0::0.8271256191448566,(R:1.0,(Q:1.0,#H1:1.0::0.17287438085514345):1.2869179782353595):1.6606049219507015):0.8032505162699046):4.39212303386893,Z:1.0);",-159.42744243927572,0.0,0.0,1,1,1,1
net,8,false,false,2,"(Z:1.0,((C:1.0,((L:1.0,((R:1.0)#H2:1.0::0.6517254280670927,Q:1.0):5.9332251479194715):0.13824137251761703)#H1:0.0011774181844964955::0.2183501958608975):0.42642881944753236,(#H2:1.0::0.34827457193290734,#H1:0.8102359840588544::0.7816498041391025):5.940177508190731):4.277077862461545);",-156.87032255502595,7.0,0.0,2,1,0,0
net,8,false,false,3,"(((L:1.0)#H2:1.0::0.21869607539547736)#H1:1.0::0.045084971874737145,(Z:1.0,((#H2:1.0::0.7813039246045226,(R:1.0,(#H1:1.0::0.9549150281252629,(Q:1.0)#H3:1.0::0.9373214929560907):1.359373236681684):2.780105219459558):0.8760371658936807,(C:1.0,#H3:1.0::0.06267850704390932):0.1092090001284682):5.938527771677871):5.906564777584586);",-155.2841171818945,7.0,0.0,3,1,1,1
net,9,false,false,0,"((C:1.0,((R:1.0,Q:1.0):0.537436190603561,L:1.0):1.1682271374531097):5.908123677867503,Z:1.0);",-175.62678825699737,5.0,0.0,0,1,0,0
net,9,false,false,1,"((C:1.0,((L:1.0)#H1:1.0::0.7302816251026909,(R:1.0,(#H1:1.0::0.2697183748973091,Q:1.0):1.08971011448335):1.2554371195031786):0.8261487548709933):5.908118925836976,Z:1.0);",-168.95443800972905,0.0,0.0,1,1,1,1
net,9,false,false,2,"(Z:1.0,((C:1.0)#H1:1.0::0.867972544848193,((L:1.0)#H2:1.0::0.6714285917324436,(#H1:1.0::0.13202745515180697,(R:1.0,(#H2:1.0::0.32857140826755643,Q:1.0):0.8061673880686621):0.6872134424264581):0.8854889093662178):1.2693687423197813):5.9104466482836715);",-164.49790987289967,4.0,0.0,2,1,1,1
net,9,false,false,3,"(Z:1.0,((C:1.0)#H1:1.0::0.7936991762288509,((L:1.0)#H2:1.0::0.2559022269803223,((R:1.0)#H3:1.0::0.24546071312651507,(#H1:1.0::0.20630082377114914,(#H2:1.0::0.7440977730196777,(#H3:1.0::0.7545392868734849,Q:1.0):0.6738893268458214):0.6362930152223469):5.923736589839852):5.933447825261298):0.4700683421200223):5.910515127414673);",-163.4588534101585,7.0,0.0,3,1,1,1
net,10,false,false,0,"((((Q:1.0,R:1.0):0.771716544835948,L:1.0):1.1334390534128125,C:1.0):5.908137400620062,Z:1.0);",-162.90373518212044,5.0,0.0,0,1,0,0
net,10,false,false,1,"(Z:1.0,((C:1.0)#H1:1.0::0.7130430669503875,((Q:1.0,R:1.0):0.8138390173389988,(L:1.0,#H1:1.0::0.2869569330496124):0.055423303557507325):5.884009034594051):5.909548551370258);",-156.71679600037194,6.0,0.0,1,1,0,0
net,10,false,false,2,"(Z:1.0,((C:1.0)#H1:1.0::0.957999187549849,((L:1.0)#H2:1.0::0.664167855571667,((Q:1.0,#H2:1.0::0.335832144428333):0.2407130119075439,(R:1.0,#H1:1.0::0.04200081245015102):0.8104068894023909):2.3822633852894786):0.9371849080804678):5.908601269438377);",-154.6953753224942,5.0,0.0,2,1,1,1
net,10,false,false,3,"(Z:1.0,((C:1.0)#H1:1.0::0.6601682691186741,(((L:1.0)#H2:1.0::0.7026261574010145,(#H1:1.0::0.33983173088132584)#H3:1.0::0.9167804732935938):0.16718427000252375,((#H3:1.0::0.0832195267064062,R:1.0):5.939978001676439,(Q:1.0,#H2:1.0::0.29737384259898547):0.3146501841770937):2.000128563205361):2.9314692311496247):5.9102145224388005);",-152.7999404939643,6.0,0.0,3,1,1,1
