,type,index,loci,true_mu,inferred_mu
0,tree,1,1,1.6914076318889966,1.5439416300828028
1,tree,1,2,1.4338643911483888,1.4750183095386524
2,tree,1,3,0.11261593794639195,0.1175188998137615
3,tree,1,4,2.139265768220613,2.211334790292508
4,tree,1,5,0.2508369415436819,0.22190836740932682
5,tree,1,6,0.20234148256864673,0.17109219894457633
6,tree,1,7,0.799218154864177,0.802082948730847
7,tree,1,8,0.5496776099014143,0.5831559869659951
8,tree,1,9,0.0847194934532564,0.08909008192013333
9,tree,1,10,0.10039775225444332,0.10342650776234351
10,tree,1,11,2.6498297965160256,2.7773559744625143
11,tree,1,12,0.9289373772161047,0.8866234519838112
12,tree,1,13,0.04133709098030251,0.0638324425050957
13,tree,1,14,1.4734857518981073,1.5673316166432063
14,tree,1,15,2.6867577296950196,2.7993075632376687
15,tree,1,16,2.1892997708259467,2.238848713550731
16,tree,1,17,0.23611091516029925,0.21120870882296788
17,tree,1,18,0.4382494952186525,0.4371865380271552
18,tree,1,19,0.9581757979200692,0.9472275640318985
19,tree,1,20,0.4432440565130489,0.4878487484234526
20,tree,1,21,2.204588263288601,2.304419631652621
21,tree,1,22,0.5494638924329869,0.5924828894571523
22,tree,1,23,1.508032804873453,1.485002190637852
23,tree,1,24,0.17455291566726017,0.1367098993869762
24,tree,1,25,0.6322311426836388,0.5502962766402787
25,tree,1,26,0.8113911616616756,0.9584308073705821
26,tree,1,27,0.29484217810097174,0.2849710718319055
27,tree,1,28,1.5227198750112956,1.4566408961164965
28,tree,1,29,0.5983886139285658,0.5357838954389432
29,tree,1,30,0.8138761963579811,0.688016013910127
30,tree,1,31,0.76878736605797,0.8241900755135106
31,tree,1,32,0.07611480887933697,0.10962505639940272
32,tree,1,33,0.5391131377358965,0.4499001355008888
33,tree,1,34,1.1277071383419812,1.400440589212926
34,tree,1,35,0.2091152282460183,0.2087644175843298
35,tree,1,36,2.828479487519262,2.758353114140631
36,tree,1,37,0.3548073420289423,0.3873816470347476
37,tree,1,38,0.9837131310036749,1.1319149623111575
38,tree,1,39,0.8725327499656805,0.8210947861095005
39,tree,1,40,0.0061458381033502865,0.0065782087389840566
40,tree,1,41,1.75011162839632,1.650210428223919
41,tree,1,42,0.48170686442716604,0.44191389813295384
42,tree,1,43,0.8569065082013353,0.8957959884892048
43,tree,1,44,2.0522629963476477,2.084595151997402
44,tree,1,45,1.0696145564351374,1.0554551953247961
45,tree,1,46,0.19040973119350943,0.1887023575703759
46,tree,1,47,0.1750583091421496,0.2669902083504671
47,tree,1,48,1.065473389377256,1.0117427340552303
48,tree,1,49,1.6100408990103534,1.5201534208063312
49,tree,1,50,1.55322620451758,1.7859209838338712
50,tree,1,51,0.5056811431335382,0.599706990072721
51,tree,1,52,0.28290792836838907,0.27825906611120926
52,tree,1,53,1.1184457092942268,0.9734597268879329
53,tree,1,54,4.189722360992832,3.9351813447905903
54,tree,1,55,1.4144270997036263,1.2024664558263982
55,tree,1,56,0.9366966546809895,1.0603968098910046
56,tree,1,57,0.8591311741044861,0.8266147226686488
57,tree,1,58,0.849871586587036,0.6945925143056749
58,tree,1,59,3.0044266076029054,3.2864901610667294
59,tree,1,60,0.23563013730114932,0.30544959803929295
60,tree,1,61,0.2848639500707471,0.3407741199757048
61,tree,1,62,1.0944141515048684,0.9644501642042177
62,tree,1,63,1.714981675486646,1.550676671335494
63,tree,1,64,2.2611045980977815,2.087519432236945
64,tree,1,65,0.013254164035210046,0.021638570096353185
65,tree,1,66,0.9030260265448297,0.9827181529948912
66,tree,1,67,0.6872989978614317,0.6802848251759458
67,tree,1,68,0.6209694663009839,0.6459553434192714
68,tree,1,69,1.710785840747802,1.6492268637961796
69,tree,1,70,0.9735868789839625,0.830663326574695
70,tree,1,71,0.8863699040235257,1.1491804825526606
71,tree,1,72,3.3533683285540663,3.327302315540519
72,tree,1,73,0.12019785436197863,0.14002206003115578
73,tree,1,74,1.2712325959518025,1.332643566868304
74,tree,1,75,0.8206928529643791,0.7983413408812333
75,tree,1,76,0.307798870627116,0.3698440129029858
76,tree,1,77,0.9009569016815183,0.946818307502145
77,tree,1,78,2.733668664842825,2.624995635382277
78,tree,1,79,1.476713240321011,1.516980424471297
79,tree,1,80,0.8264194491314192,1.0644126563696845
80,tree,1,81,1.0308267273577043,0.963013885484485
81,tree,1,82,0.03802794363373763,0.04846426042249456
82,tree,1,83,1.5656858868119534,1.5667529240005365
83,tree,1,84,0.3203438387945489,0.4152821493055542
84,tree,1,85,0.46440804548261194,0.46008354183611716
85,tree,1,86,0.4389681610042256,0.4435809299400651
86,tree,1,87,2.506508571542851,2.6262439600673497
87,tree,1,88,0.13608079300063633,0.16002391616817557
88,tree,1,89,0.2251066814778966,0.19877512202199263
89,tree,1,90,0.15374837300987065,0.13404471166239673
90,tree,1,91,0.0990431961535888,0.10106764256555192
91,tree,1,92,0.3110924886728734,0.3673189883508974
92,tree,1,93,1.0991125861798665,1.1165667547813132
93,tree,1,94,0.12412524243340546,0.0966796159343631
94,tree,1,95,0.7324197724507239,0.8118238554280119
95,tree,1,96,0.5555446799522616,0.5999515448787035
96,tree,1,97,0.15398760329850103,0.12054490905788216
97,tree,1,98,0.5750531474419251,0.5801587744616072
98,tree,1,99,5.429762747587997,4.657186363765959
99,tree,1,100,0.5903213951791771,0.6175525129712683
100,tree,2,1,0.46379697218686355,0.43430848833013946
101,tree,2,2,0.21011746442941784,0.24288748813127908
102,tree,2,3,0.13380397249137194,0.18881142445408375
103,tree,2,4,0.13725394665823404,0.1391139188901825
104,tree,2,5,1.427389123423965,1.3663524566592427
105,tree,2,6,0.10321040876423965,0.08172964850480527
106,tree,2,7,2.794495841886455,2.843031100131187
107,tree,2,8,0.3085780064658738,0.33095650305560537
108,tree,2,9,1.7731145241772241,1.7275195149012932
109,tree,2,10,0.5853133950979853,0.5840090824425904
110,tree,2,11,0.13757974894217387,0.1290142045629348
111,tree,2,12,0.8204380885988495,0.8577048593782212
112,tree,2,13,0.7524803085868157,0.883097818927613
113,tree,2,14,1.0410502242096382,1.2511710186419867
114,tree,2,15,0.2432938733431163,0.2648726623746818
115,tree,2,16,0.477557578886035,0.42674659236820034
116,tree,2,17,0.6470356488238982,0.5210877694879109
117,tree,2,18,0.7878743578152855,0.7387586605382208
118,tree,2,19,0.6202717653184798,0.5984693175196174
119,tree,2,20,0.8263774753326644,0.8315749491458164
120,tree,2,21,0.37459787995055344,0.40790224199614766
121,tree,2,22,0.8439655498320877,0.8313465678237298
122,tree,2,23,0.8966925162139271,0.9048294207781278
123,tree,2,24,2.1459676800797167,2.2616405407634215
124,tree,2,25,0.351554256430658,0.3443048374516293
125,tree,2,26,0.09525787364125057,0.09180056843362842
126,tree,2,27,1.5865256057626664,1.434791188342397
127,tree,2,28,0.19998993168122933,0.16140789977856101
128,tree,2,29,1.0129492791398382,1.3661206747716204
129,tree,2,30,0.5670922864344261,0.6156651619216981
130,tree,2,31,2.9498895352098327,2.63340580688783
131,tree,2,32,0.31698531349941916,0.4039793576463809
132,tree,2,33,2.9245674110974904,2.442056660724355
133,tree,2,34,0.3553059657176515,0.35260088676232465
134,tree,2,35,1.0208362741999712,1.0977742570349869
135,tree,2,36,0.1693117243858447,0.1788321432307204
136,tree,2,37,0.6789420616542117,0.6048315328971877
137,tree,2,38,0.02574450727521267,0.037202762427054836
138,tree,2,39,2.320986325275197,2.340396906350807
139,tree,2,40,0.5077428306996171,0.4834259658923345
140,tree,2,41,3.723141769887725,4.067033902065471
141,tree,2,42,0.19053693698426094,0.20359810446184215
142,tree,2,43,0.23931147952222517,0.22703590810351365
143,tree,2,44,3.6717667613770146,3.265973889211033
144,tree,2,45,0.4410740439271507,0.33723055993786305
145,tree,2,46,2.266478370704665,2.253589578686564
146,tree,2,47,0.16915218982779845,0.13074643221430035
147,tree,2,48,0.022535389097709906,0.014747168367953489
148,tree,2,49,0.9581585405766633,1.0015556300323187
149,tree,2,50,0.12627505828381105,0.1463492881539354
150,tree,2,51,1.858602269276624,1.771397157131124
151,tree,2,52,2.4426721348097193,2.0696127574417518
152,tree,2,53,0.588704739930091,0.4975321003080764
153,tree,2,54,0.431839500885889,0.37851521753656286
154,tree,2,55,0.9694450557348938,0.8692266716970466
155,tree,2,56,0.44069233979525435,0.4238443133705433
156,tree,2,57,1.7161274743061592,1.655769135978271
157,tree,2,58,0.8490269755008341,0.8135393146233307
158,tree,2,59,0.10702923837595274,0.1027456773022564
159,tree,2,60,1.8639893442236377,1.7179906176772295
160,tree,2,61,1.5477899073213575,1.4299304745431531
161,tree,2,62,0.24397178778458123,0.2433447780916184
162,tree,2,63,1.8180787212646619,1.6406175973871078
163,tree,2,64,0.712762520338968,0.744888270124019
164,tree,2,65,0.18815513532881176,0.1976287273817286
165,tree,2,66,2.5363744379936253,2.323243149096743
166,tree,2,67,1.4349062054645807,1.461429792756126
167,tree,2,68,0.7029678555693524,0.6002907386814221
168,tree,2,69,4.35275349138734,5.339616555018768
169,tree,2,70,0.7437943832352903,0.747593115677873
170,tree,2,71,1.2868450736294856,1.3668948772808427
171,tree,2,72,0.27044120550395984,0.30555135620268997
172,tree,2,73,0.9700536595427611,0.9642369912510015
173,tree,2,74,1.5604739735648263,1.7542327885088784
174,tree,2,75,0.25978057569799096,0.2931074740357891
175,tree,2,76,0.9497553521138035,0.7825397901773048
176,tree,2,77,0.06449779402293083,0.04130102019335063
177,tree,2,78,0.06549217184841737,0.05810030106501606
178,tree,2,79,0.7975313276956004,0.7759499192463888
179,tree,2,80,0.22474455844781685,0.21292700945802281
180,tree,2,81,0.35614488889091345,0.31627890354658433
181,tree,2,82,0.3218541192948104,0.3300350868669461
182,tree,2,83,0.7897510430791979,0.8397657994062084
183,tree,2,84,1.1059923752573226,1.099389833212777
184,tree,2,85,0.658522410198986,0.7841819724981709
185,tree,2,86,2.849262690262326,2.7791278847391023
186,tree,2,87,1.3263021145046379,1.3258198538360808
187,tree,2,88,0.43812024520776643,0.5246966697338443
188,tree,2,89,0.14706887313157366,0.18357278634617402
189,tree,2,90,5.564404304883502,6.146311821794098
190,tree,2,91,1.6850900780801994,1.4720830657969537
191,tree,2,92,0.5037580801137332,0.5933487944234227
192,tree,2,93,0.5891523777509448,0.5904386889227161
193,tree,2,94,0.32747277378322737,0.2989381550722482
194,tree,2,95,4.065064647762302,4.260795807161603
195,tree,2,96,0.29370021634074445,0.25152668560910557
196,tree,2,97,0.5986706691146739,0.609644649476926
197,tree,2,98,0.49967671053172513,0.47646388707450543
198,tree,2,99,0.19556870534209728,0.194641164431037
199,tree,2,100,0.24075539206567875,0.25594747921213223
200,tree,3,1,0.609683243795698,0.6716858506925695
201,tree,3,2,0.0501062415574284,0.0577973035947304
202,tree,3,3,0.7760549867526592,0.7805264238624119
203,tree,3,4,0.6661297081403218,0.6031803227422567
204,tree,3,5,0.9064437701840082,0.831698380687958
205,tree,3,6,0.23206352969052127,0.19089549678076326
206,tree,3,7,0.12878676415723614,0.1097361782213984
207,tree,3,8,3.53874035690748,3.7834236127831025
208,tree,3,9,0.1277488938184218,0.2275968759256451
209,tree,3,10,0.41038754149047196,0.3209496548131192
210,tree,3,11,3.048674408829157,2.317808035832746
211,tree,3,12,1.074821250245934,1.0781980608865425
212,tree,3,13,1.3471748374988883,1.407190666380908
213,tree,3,14,0.022469145429069866,0.022266046685172187
214,tree,3,15,1.9662782237952865,1.956838926106109
215,tree,3,16,2.1844471500415454,2.134912944387015
216,tree,3,17,1.5572925560312798,1.3199550644592406
217,tree,3,18,0.537802183542781,0.6245141895078123
218,tree,3,19,0.16399770434121366,0.1203442038980879
219,tree,3,20,0.14094695228287712,0.12631253859454036
220,tree,3,21,0.1641207386621611,0.18081714090518095
221,tree,3,22,1.9721024893265875,1.8454402136111747
222,tree,3,23,0.6133448357618669,0.5608749604302877
223,tree,3,24,0.02771778589391474,0.044339770970424845
224,tree,3,25,0.7354497418909884,0.7103787175260425
225,tree,3,26,1.3381884366751957,1.8205307654165837
226,tree,3,27,1.5199540124612083,1.3939261022019211
227,tree,3,28,0.7217464924534323,0.9194688576063529
228,tree,3,29,0.18330896723269596,0.20908409252548849
229,tree,3,30,1.0554777609207726,1.2316746927767623
230,tree,3,31,0.679272588810222,0.7551573692618905
231,tree,3,32,0.7399853840756369,0.9288799601056105
232,tree,3,33,0.4884126285706302,0.6321399001480639
233,tree,3,34,0.6491622961232498,0.5923215958361304
234,tree,3,35,0.8417446590331085,0.9191431803584145
235,tree,3,36,0.14847608438250676,0.1612752300038723
236,tree,3,37,0.10471453580376767,0.13446715766130313
237,tree,3,38,1.2389669178372478,1.1851530840127134
238,tree,3,39,1.0944321211242125,0.9991288245583649
239,tree,3,40,1.2488788260032813,1.193227628988832
240,tree,3,41,0.3973469388559562,0.45669205733059587
241,tree,3,42,3.325141693589854,3.397918445866583
242,tree,3,43,0.08617643604174996,0.07593651697860358
243,tree,3,44,0.6064375592946635,0.48450893414986307
244,tree,3,45,0.12149872337930816,0.15499351799227687
245,tree,3,46,0.19933460707947298,0.18788853659743396
246,tree,3,47,0.7829850702533083,0.6369374816383804
247,tree,3,48,1.8214249224129984,2.195442190312498
248,tree,3,49,1.439091900860617,1.2633673247380346
249,tree,3,50,0.7485966614547283,0.6780838824171471
250,tree,3,51,0.28550139202918173,0.29295500939100266
251,tree,3,52,0.3800022740305919,0.26633893937539554
252,tree,3,53,2.540972853516042,2.3672096525568382
253,tree,3,54,0.00961647819284946,0.01590159571763637
254,tree,3,55,0.7868247638791643,0.9630373103160919
255,tree,3,56,0.3198171032378315,0.3251881193833508
256,tree,3,57,1.772530573528772,1.6744696241900359
257,tree,3,58,2.6083508523575696,2.6271680665553347
258,tree,3,59,0.3375015444837667,0.3022432970446706
259,tree,3,60,1.1301575036987657,1.1896267979336592
260,tree,3,61,0.7964788223297696,0.753859679103052
261,tree,3,62,0.7791916989460668,0.8211755674379756
262,tree,3,63,0.20533692336050527,0.20739474410918893
263,tree,3,64,0.4149657044924164,0.4582661691631991
264,tree,3,65,0.23904990732044074,0.2626494695982776
265,tree,3,66,2.8387968819062874,2.737393771173109
266,tree,3,67,0.09727330750240272,0.13249864913523088
267,tree,3,68,0.9758530143323354,1.1045902404279395
268,tree,3,69,0.18198486879829712,0.21300053246849607
269,tree,3,70,0.10161308887590176,0.17913949572424667
270,tree,3,71,0.5898525582262123,0.49847696903141375
271,tree,3,72,2.24558505853828,2.0840642794507116
272,tree,3,73,0.17308645525713698,0.27696918706216755
273,tree,3,74,0.327727497622062,0.28190542645564814
274,tree,3,75,0.5903541259930789,0.6381485993580657
275,tree,3,76,3.3787383312404,3.366087255388743
276,tree,3,77,0.6042653604874486,0.5932897681228724
277,tree,3,78,2.0163401006085633,2.039654366095775
278,tree,3,79,1.9472609165721582,2.611777163716564
279,tree,3,80,0.2999816523243382,0.23820703172442023
280,tree,3,81,1.0560007972652956,1.1037240237542312
281,tree,3,82,1.6604510818716853,1.8057835149106833
282,tree,3,83,2.5171610156608226,2.6373261338108844
283,tree,3,84,0.8641203203189939,0.8812622730186757
284,tree,3,85,0.3711392920848577,0.4458963127905535
285,tree,3,86,0.7039973785396231,0.7264797881971748
286,tree,3,87,6.44561955404139,5.971432665492136
287,tree,3,88,1.6092113134072592,1.5221789159901453
288,tree,3,89,1.342027099282339,1.2447371326964163
289,tree,3,90,0.5379523802641623,0.5124303446561052
290,tree,3,91,0.4306237965943152,0.41464826622648165
291,tree,3,92,1.0056540229654032,1.015771727419219
292,tree,3,93,1.138661633501129,1.041334253980653
293,tree,3,94,1.158176470166369,1.498687341847899
294,tree,3,95,0.9033792535431948,0.8532527513684481
295,tree,3,96,0.1223947459545463,0.08437427676649169
296,tree,3,97,0.3384316146642574,0.3251210722534853
297,tree,3,98,0.5002799255585964,0.45286189066744664
298,tree,3,99,2.7792689154565573,2.3712227120703555
299,tree,3,100,0.9568965103729244,0.9337589151024482
300,tree,4,1,0.7010520603129303,0.6716457978081105
301,tree,4,2,0.054609731862248816,0.0953377458705171
302,tree,4,3,1.8567567468317985,1.8983815491975478
303,tree,4,4,0.8664687904064515,0.9503337251992766
304,tree,4,5,0.15867130259113574,0.21977450163347595
305,tree,4,6,0.6372217794648878,0.505810822924273
306,tree,4,7,0.6236071824246291,0.6062874968878821
307,tree,4,8,1.571699351561919,1.5776169425050208
308,tree,4,9,0.31932063129567656,0.3433686708269619
309,tree,4,10,0.8869360304901371,0.9113267706562727
310,tree,4,11,0.4204254574854506,0.4619061037519087
311,tree,4,12,0.3856058030567091,0.3595453769600876
312,tree,4,13,0.15596345510054416,0.1497569837608267
313,tree,4,14,4.6639011717376135,6.286089630895072
314,tree,4,15,1.3397356218251786,1.3585417398547142
315,tree,4,16,1.040307165508132,1.0096042478315264
316,tree,4,17,0.04797119536188047,0.07865966498003658
317,tree,4,18,1.1804177486989995,1.1381637656270467
318,tree,4,19,1.3682111072188132,1.4349516196474787
319,tree,4,20,1.3158987159203566,1.1572492143588529
320,tree,4,21,0.08880762636296435,0.07968620317272415
321,tree,4,22,0.07773541372421959,0.06420021480095527
322,tree,4,23,0.19694039390326848,0.23503582688036007
323,tree,4,24,0.25038068350692316,0.20380820046650805
324,tree,4,25,0.775885872846589,0.7431429295833225
325,tree,4,26,0.14459656035111454,0.12043913110094831
326,tree,4,27,0.004739959136973498,0.011662571603607633
327,tree,4,28,1.1101637379964078,0.934725369270143
328,tree,4,29,0.011143537562535161,0.025022633516415312
329,tree,4,30,0.7244479504296006,0.6327107368216286
330,tree,4,31,1.2079667558889589,1.2269656176464177
331,tree,4,32,0.5857885093475467,0.5044734173353487
332,tree,4,33,0.6452180584456771,0.6226481906970236
333,tree,4,34,0.4186009351017049,0.3290207092549336
334,tree,4,35,1.396237345913733,1.384491226823882
335,tree,4,36,0.08802543574828504,0.09141585392648763
336,tree,4,37,2.5008168925993433,2.2856612704647947
337,tree,4,38,0.9541785832128002,0.9619609494574496
338,tree,4,39,0.18112475104242795,0.13004476087664352
339,tree,4,40,1.8085384754098872,1.60184662446265
340,tree,4,41,0.9822490516392153,0.8576841774793523
341,tree,4,42,2.667565352328554,2.4505290566959754
342,tree,4,43,0.6814343420650747,0.6908560434538075
343,tree,4,44,0.46151305122151143,0.340241269570099
344,tree,4,45,0.7524312193973686,0.6460316979213427
345,tree,4,46,0.11385124926684444,0.12049765802257328
346,tree,4,47,3.395729354472246,3.0913358694231987
347,tree,4,48,1.4641123097237136,1.7759594845648567
348,tree,4,49,0.5207139443402234,0.5725208687014586
349,tree,4,50,3.6587216999064185,3.326236272806896
350,tree,4,51,1.5216098003915788,1.6329433001149833
351,tree,4,52,1.2254400216719488,1.2127542144968697
352,tree,4,53,1.513436050791198,1.4170035975662902
353,tree,4,54,1.989306279832586,2.139121453357822
354,tree,4,55,0.7644086648364392,0.6992810792793365
355,tree,4,56,0.5955216069213431,0.4743698336618469
356,tree,4,57,2.7083594752534883,3.1583330778029217
357,tree,4,58,0.09874019967813462,0.1113932291598224
358,tree,4,59,0.9428106837395068,1.021368220087811
359,tree,4,60,0.29444268874015245,0.35348466628562764
360,tree,4,61,0.416624099071234,0.4871426223711286
361,tree,4,62,0.5890067860641419,0.561790493712276
362,tree,4,63,0.03438783962265607,0.03937112360683
363,tree,4,64,0.7453864479874395,0.9731387158929076
364,tree,4,65,1.4308156261137193,1.399121405060318
365,tree,4,66,2.012847659808413,2.0899891667996466
366,tree,4,67,0.8744740925783985,0.6852899489404052
367,tree,4,68,2.657645994790927,2.541024184714039
368,tree,4,69,0.10095054126485395,0.07291708598371455
369,tree,4,70,5.846954162861221,4.865074511293958
370,tree,4,71,0.5108175809281764,0.6182177321568944
371,tree,4,72,1.2300162126711245,1.3216503894745653
372,tree,4,73,0.6248855676151731,0.6609649818164944
373,tree,4,74,0.9822264444715446,0.9267568269397645
374,tree,4,75,1.9081406492588833,1.8225623891392733
375,tree,4,76,0.22493468645207337,0.23509117597594073
376,tree,4,77,1.3928169587058765,1.151504952953005
377,tree,4,78,2.5698942486945797,2.730368809313874
378,tree,4,79,0.2515083005139743,0.18923700715543107
379,tree,4,80,0.664158846068782,0.6214314731935725
380,tree,4,81,0.9171058800269765,0.965992556810494
381,tree,4,82,0.6035060708058666,0.7242130644622861
382,tree,4,83,2.8899426579869525,2.7086977144249436
383,tree,4,84,0.45318529945317004,0.45777201135338996
384,tree,4,85,0.7005601955654136,0.6215788517060826
385,tree,4,86,0.9241694646527222,0.9520817061151737
386,tree,4,87,0.3602903828254086,0.48134720224692495
387,tree,4,88,0.24472604143091917,0.20344504848126985
388,tree,4,89,0.5623954249730958,0.6677272880238461
389,tree,4,90,1.8924012322355168,2.1509673247293177
390,tree,4,91,0.9813279524539703,1.0625464438310925
391,tree,4,92,0.8839601854219725,0.8632394374229281
392,tree,4,93,0.22281102864966867,0.23999375533931752
393,tree,4,94,0.38267083156796167,0.44404487334459375
394,tree,4,95,0.26158255136514313,0.26195181952377855
395,tree,4,96,0.6627927385943002,0.6741842630459421
396,tree,4,97,0.5750305069771572,0.5272794622164242
397,tree,4,98,0.7259755140077486,0.875219420594341
398,tree,4,99,0.498442072784715,0.5366374481754967
399,tree,4,100,1.0701156487741104,1.09317543186631
400,tree,5,1,0.17888303384031248,0.18781540646393716
401,tree,5,2,0.6298518205178945,0.6718856004202226
402,tree,5,3,2.6004433850195037,2.3332583296490714
403,tree,5,4,0.8465500036975907,0.7710061874583812
404,tree,5,5,0.11624169380569259,0.13426609762186958
405,tree,5,6,0.8059640915652792,0.6262118684599268
406,tree,5,7,1.8948464053894725,1.7409980505853262
407,tree,5,8,2.309165668030489,2.144990749587175
408,tree,5,9,0.061088153392709434,0.07710612240934532
409,tree,5,10,0.20212951247887168,0.23968044371495728
410,tree,5,11,0.3106489763689449,0.315560144598399
411,tree,5,12,0.05704660026372754,0.05188281839449664
412,tree,5,13,2.601073615557589,2.4601924197824525
413,tree,5,14,0.6370682063758454,0.574820163359326
414,tree,5,15,0.712796504899139,0.7574457942657459
415,tree,5,16,3.483423009132462,3.6786937202450094
416,tree,5,17,0.7015973765371281,0.5914900990468314
417,tree,5,18,2.01686272285693,2.362499237178043
418,tree,5,19,0.08213153871277559,0.07233162109820629
419,tree,5,20,0.4362696332784861,0.3783181879418447
420,tree,5,21,1.340745760000917,1.205373483911888
421,tree,5,22,2.758562230116599,2.6283199341623598
422,tree,5,23,0.19190532199826255,0.2760158742772664
423,tree,5,24,4.033268848756029,3.4678334340377392
424,tree,5,25,1.5529238876449702,1.5528712272828553
425,tree,5,26,0.9190481886658777,0.9361550601150063
426,tree,5,27,0.17156381659602102,0.18031742083749325
427,tree,5,28,0.2115832877859837,0.21336945528778087
428,tree,5,29,0.3071176809092641,0.33783032074725977
429,tree,5,30,0.41407083169054903,0.4549969321528427
430,tree,5,31,1.0273135097705581,1.0668452082258384
431,tree,5,32,0.6244587800717307,0.6413302977964599
432,tree,5,33,0.6570958556359092,0.585918912186587
433,tree,5,34,1.7704740318734462,1.7924919648442779
434,tree,5,35,0.9486347369411168,1.0821245895051919
435,tree,5,36,1.3370023126627568,1.5269589753304986
436,tree,5,37,0.4110563751281274,0.4322683566204042
437,tree,5,38,0.5021581218650082,0.4828685110004513
438,tree,5,39,1.836399493014591,1.9340426209426576
439,tree,5,40,0.06161761466429928,0.045433469903798276
440,tree,5,41,0.36627986599617207,0.3577298351997394
441,tree,5,42,0.20644763662104929,0.19445079361761222
442,tree,5,43,2.690258222785243,2.8385298709693054
443,tree,5,44,2.0136382774264,2.013981054707176
444,tree,5,45,5.362820720555598,4.984372877156043
445,tree,5,46,1.7090256682042844,1.7637640947621482
446,tree,5,47,0.5457553007564998,0.583999378771448
447,tree,5,48,1.4789479533436396,1.7107999453375564
448,tree,5,49,1.4614989453681773,1.4244113344336062
449,tree,5,50,0.477403973943126,0.5319326456710661
450,tree,5,51,0.0465829030809329,0.0385766267371368
451,tree,5,52,0.42025516701903326,0.38693338027204355
452,tree,5,53,0.1498149523209665,0.1174926338837508
453,tree,5,54,0.7380263718289117,0.8437868137261014
454,tree,5,55,0.9691655288022346,0.9499269343476507
455,tree,5,56,0.1868772146343871,0.20224061677872449
456,tree,5,57,0.29645548498602226,0.37117992030573527
457,tree,5,58,1.2369934649740042,1.0157804206770251
458,tree,5,59,0.2070344983177737,0.2532179957369332
459,tree,5,60,0.31698511543191443,0.40304466848721904
460,tree,5,61,0.41048367886957515,0.39547338163158885
461,tree,5,62,0.5079410803931363,0.5204878755215372
462,tree,5,63,1.717224650626812,1.7706076010588119
463,tree,5,64,0.07846219239612359,0.08467761460817363
464,tree,5,65,0.955391401399078,1.0534941615486664
465,tree,5,66,0.09002841711546984,0.09952533269936278
466,tree,5,67,1.0653998081394527,1.036976202294661
467,tree,5,68,0.24797555547407427,0.23267558416515102
468,tree,5,69,1.417876650117283,1.529211611401496
469,tree,5,70,0.025168931445345447,0.04552785724394576
470,tree,5,71,2.5390835287010454,2.2300924749885613
471,tree,5,72,0.7749995117847052,0.7483309319859315
472,tree,5,73,2.0133672424830444,1.9497399868754568
473,tree,5,74,0.8416197982526105,0.837399508458234
474,tree,5,75,0.011292058538085509,0.00478879383549207
475,tree,5,76,0.12747126219224977,0.16290878797612277
476,tree,5,77,0.9289554092212203,0.9865146105281578
477,tree,5,78,1.3276889775999943,1.5128784305057408
478,tree,5,79,0.01876499458317662,0.014071815110140792
479,tree,5,80,2.262627116512507,1.9782815684167183
480,tree,5,81,0.670604241914602,0.7506363676424687
481,tree,5,82,2.1274709922742674,2.12937538840786
482,tree,5,83,0.6849160140333965,0.7499969740711141
483,tree,5,84,1.2008792616024113,1.2071433796833029
484,tree,5,85,0.01652229691362042,0.027306254914655187
485,tree,5,86,0.9009850694515394,0.8333980627081572
486,tree,5,87,2.294674952376192,2.3656017350063445
487,tree,5,88,1.0328221797751107,1.1656737641617512
488,tree,5,89,1.2868302851181916,1.186431385388075
489,tree,5,90,0.026620931581103357,0.026808281691091503
490,tree,5,91,0.25600358563936665,0.1815202293378889
491,tree,5,92,1.0123708975839163,1.2115330830856779
492,tree,5,93,0.39758647396158675,0.4401894014850399
493,tree,5,94,2.6075693108095535,2.715803135545901
494,tree,5,95,0.026788667950682615,0.05109679319086479
495,tree,5,96,0.7546955109190282,0.8297112597947024
496,tree,5,97,1.4474606236881362,1.3369639890320903
497,tree,5,98,1.5979560156450086,1.8945738366707852
498,tree,5,99,0.8778619947115618,1.0139138931450775
499,tree,5,100,0.7762085242964643,0.6886877011558977
500,tree,6,1,1.015901524184496,0.9730015055140213
501,tree,6,2,0.6346622823454261,0.7768822346845491
502,tree,6,3,0.14082979360980905,0.09494872487631482
503,tree,6,4,0.4868876456609519,0.48474519474129263
504,tree,6,5,0.569741390214392,0.5845952491385693
505,tree,6,6,0.9736402438150533,1.1460121445990699
506,tree,6,7,0.302916716483587,0.3185442632869917
507,tree,6,8,3.222693378709226,3.072290898416342
508,tree,6,9,0.36725478547863977,0.4588265359756044
509,tree,6,10,1.0201443894809057,1.0969779433882796
510,tree,6,11,1.67987094955961,1.8484301381169679
511,tree,6,12,0.20734394773947457,0.17917625981061447
512,tree,6,13,0.5272613613892242,0.5951885838524865
513,tree,6,14,0.5578619990641616,0.5423881906145616
514,tree,6,15,0.3108390713703164,0.2761645293858692
515,tree,6,16,0.12016654909816106,0.17695629965092083
516,tree,6,17,0.05716805245265691,0.07549187100537137
517,tree,6,18,0.013909838686809985,0.004237578450117362
518,tree,6,19,0.26112599038734124,0.28477062355924393
519,tree,6,20,0.19088001978765637,0.21592176222647239
520,tree,6,21,0.09864413062930777,0.11179650175343357
521,tree,6,22,0.6688037261285222,0.6547000936658437
522,tree,6,23,0.650101105277765,0.6080547304444653
523,tree,6,24,2.939518626127462,3.116932913496024
524,tree,6,25,2.797050521552992,2.687655562530387
525,tree,6,26,1.306980420034179,1.4192593334294314
526,tree,6,27,0.08900268513961121,0.09347640054183416
527,tree,6,28,1.8951055624773887,1.9797478111192244
528,tree,6,29,1.4947617715758883,1.3354551209059802
529,tree,6,30,0.5136870355845373,0.48589778216221424
530,tree,6,31,2.9543087675330764,2.958320946632486
531,tree,6,32,0.19056332227491662,0.17516221316794084
532,tree,6,33,0.2926217672895272,0.2536381293903142
533,tree,6,34,0.3725713457386195,0.4202339216368539
534,tree,6,35,0.5890440405453713,0.5887841501388229
535,tree,6,36,1.6110028439999602,1.5003573864490507
536,tree,6,37,0.3989405251324384,0.3427047005102762
537,tree,6,38,1.4794780727872745,1.7170448295832477
538,tree,6,39,0.02287827555891466,0.038156149499999306
539,tree,6,40,1.4996332926640774,1.4005531400329998
540,tree,6,41,0.5597195099733774,0.5320376483849926
541,tree,6,42,1.4057092697759308,1.378169290257695
542,tree,6,43,0.46617094868778064,0.41801422113833714
543,tree,6,44,0.3642478067483393,0.4787851450406419
544,tree,6,45,2.252850788402704,1.8393710231385605
545,tree,6,46,0.2475844515159153,0.282741197958014
546,tree,6,47,0.9406588178067243,1.1613022177954528
547,tree,6,48,0.19555249104875197,0.22872975087319813
548,tree,6,49,0.6541197240991172,0.8319559492461487
549,tree,6,50,1.0383594133746334,0.9368087510964712
550,tree,6,51,0.41253903281015614,0.4398675588771834
551,tree,6,52,0.6135435517116128,0.6750763676310179
552,tree,6,53,0.39667560336498936,0.34398027021447214
553,tree,6,54,3.4923977454517314,3.213521208428279
554,tree,6,55,0.32494715341775704,0.4201583955114053
555,tree,6,56,1.7081284923330602,2.150033356135113
556,tree,6,57,0.8157461190686326,0.8175520566553329
557,tree,6,58,0.5766356333263499,0.6668623939042544
558,tree,6,59,0.2682287562449889,0.29557789150962
559,tree,6,60,1.2708986365511121,1.2073191439128876
560,tree,6,61,1.6680861003901415,1.7015436940611917
561,tree,6,62,0.31065748091247314,0.3325994722559854
562,tree,6,63,1.0621829309340949,1.2611767425386466
563,tree,6,64,2.221356814461636,2.221938214575129
564,tree,6,65,0.2809769589731813,0.393457400065554
565,tree,6,66,1.5739082112368643,1.7418046266991813
566,tree,6,67,0.46852041423888247,0.4234360118131712
567,tree,6,68,1.1238527729812373,1.022631259962405
568,tree,6,69,0.22728756064653585,0.2171962442730759
569,tree,6,70,0.1391040837907943,0.0978077338226318
570,tree,6,71,6.518287532521703,5.74799455954402
571,tree,6,72,1.4522277367426872,1.5084818786222258
572,tree,6,73,0.14071387148045822,0.1265602608366514
573,tree,6,74,0.11074194141203378,0.1160957520882294
574,tree,6,75,0.9181104900537354,0.9876316532902653
575,tree,6,76,1.9811977337613633,1.9454818748401246
576,tree,6,77,0.8897588456528598,0.8926929786265941
577,tree,6,78,2.325565657479514,2.4469555397276155
578,tree,6,79,0.28612316767938906,0.26870551889622757
579,tree,6,80,0.10126094913035218,0.07054131564823835
580,tree,6,81,0.4107865965927269,0.46669968224308833
581,tree,6,82,0.2985547510179952,0.2867001792346845
582,tree,6,83,0.2283162653688252,0.2334322706865328
583,tree,6,84,0.8663956129726411,0.7319508938015664
584,tree,6,85,0.9070671861699323,0.9705841270350726
585,tree,6,86,1.8373816063524995,1.6480359471115498
586,tree,6,87,3.731045300206723,3.2792790191437153
587,tree,6,88,1.1677094856975605,1.2158335311366357
588,tree,6,89,1.045683719184765,1.143719059759533
589,tree,6,90,1.5645100175323527,1.962752449227828
590,tree,6,91,1.1573243282268801,1.0723763729938194
591,tree,6,92,1.1233489296588985,1.146515902915475
592,tree,6,93,0.8187924377055564,0.8052159118234548
593,tree,6,94,3.123793033143424,2.8930994861075052
594,tree,6,95,0.1977206715484916,0.29208422598592226
595,tree,6,96,0.045300534809475865,0.026802375620523112
596,tree,6,97,1.2218020728100325,1.086992473500796
597,tree,6,98,2.4985851764820386,2.4186668106434817
598,tree,6,99,1.1768348801831725,1.1296638854530134
599,tree,6,100,0.2486144265726337,0.25351647729508253
600,tree,7,1,0.8616253151704251,0.8551096858805176
601,tree,7,2,0.20444201304385926,0.2522145442223346
602,tree,7,3,1.889389417840057,1.7643829959444512
603,tree,7,4,0.8394060662751115,0.7461413100719829
604,tree,7,5,0.33106107998923384,0.3108994570608927
605,tree,7,6,0.41424742650125623,0.4451034592542773
606,tree,7,7,0.775592283439434,0.8635149131865588
607,tree,7,8,1.9961430384207186,1.7606156928336736
608,tree,7,9,0.22930921796707363,0.2097547043015889
609,tree,7,10,1.3844001633680763,1.276130776891316
610,tree,7,11,1.1378305855690178,1.1110792342339382
611,tree,7,12,0.19561282040092484,0.27823804705021365
612,tree,7,13,1.7749186666482157,1.9842838207031723
613,tree,7,14,2.0082890533177618,2.51910194429781
614,tree,7,15,0.6278904058985537,0.7043278584251597
615,tree,7,16,1.5379707197736598,1.4808884162757323
616,tree,7,17,0.22654660041544408,0.19517266121596072
617,tree,7,18,1.1165067148505272,1.028221234739737
618,tree,7,19,0.24331438451434406,0.19758295290699773
619,tree,7,20,0.36610676897231803,0.28502122779117595
620,tree,7,21,0.0933236086926773,0.1019480214599597
621,tree,7,22,0.25796243597438573,0.20663734141330597
622,tree,7,23,0.8532325573627262,0.7988108410649225
623,tree,7,24,1.1767745228419488,1.017917978300628
624,tree,7,25,4.952085805784074,3.9840245447093845
625,tree,7,26,2.321903554663367,2.05041502031655
626,tree,7,27,1.7723012478192375,1.8646664472420682
627,tree,7,28,0.4862052124223813,0.43974172157453295
628,tree,7,29,0.7449468178712705,0.6777383411322533
629,tree,7,30,1.4850980338739133,1.9419766135475964
630,tree,7,31,0.1713258786263714,0.14627427983868113
631,tree,7,32,1.5352502873967422,1.5613248673985292
632,tree,7,33,0.013387943811383071,0.020754707000490757
633,tree,7,34,0.9990903393308751,1.1363148400896734
634,tree,7,35,1.5456671490530824,1.3186556259068924
635,tree,7,36,2.1542355765545076,2.3820009833234903
636,tree,7,37,0.0883108710638308,0.08991467702371292
637,tree,7,38,1.9645399269573465,2.0829525970449785
638,tree,7,39,0.29207175891653814,0.2979623817856006
639,tree,7,40,0.5756883463013608,0.5586051275481766
640,tree,7,41,0.19589973352549991,0.20461410276363798
641,tree,7,42,0.10788383917089805,0.08529803515021832
642,tree,7,43,0.6268791297402833,0.6492649112452265
643,tree,7,44,0.5506433893614725,0.5022597843266022
644,tree,7,45,1.379096304906374,1.3147048381362463
645,tree,7,46,1.893083768179252,1.9172542036044768
646,tree,7,47,1.9767838305625205,1.7539345952340601
647,tree,7,48,0.2127097866569548,0.27671138918174293
648,tree,7,49,1.5313033631496713,1.5296366171113123
649,tree,7,50,0.5427150600525719,0.3907748954901748
650,tree,7,51,0.1272759724039248,0.15731423422312543
651,tree,7,52,0.19623092779736048,0.18574412568634435
652,tree,7,53,0.791490320741334,0.9213330612514381
653,tree,7,54,0.09509670144445198,0.10644493266636178
654,tree,7,55,1.6053842325401622,1.5165217762297025
655,tree,7,56,2.1573188676759303,2.236463699806466
656,tree,7,57,2.0682710538280786,2.0150760710216185
657,tree,7,58,1.0459401294764115,1.0128440675686838
658,tree,7,59,1.0335547900499935,1.226542917931504
659,tree,7,60,0.3860936666438514,0.39637337651771926
660,tree,7,61,1.4804564688836974,1.3496457618000537
661,tree,7,62,0.8739380786126423,0.9179475207425758
662,tree,7,63,3.1638420892600085,3.0811689971659617
663,tree,7,64,1.7637733806129228,1.8908585243647884
664,tree,7,65,0.10899651297293092,0.1957000489697308
665,tree,7,66,0.19693213911195304,0.2507740132307519
666,tree,7,67,0.08317032996546259,0.08899692876966568
667,tree,7,68,3.320285458508971,2.932633582948667
668,tree,7,69,0.47078774986979643,0.49852232895851356
669,tree,7,70,1.2294501165678677,1.3140503953521878
670,tree,7,71,3.1043086166414815,3.116569887114146
671,tree,7,72,0.5325275586856456,0.5062604986638134
672,tree,7,73,1.1758716372463955,0.972496583453525
673,tree,7,74,0.755821714896707,0.7789331512760752
674,tree,7,75,1.530424630360633,1.5578153099990053
675,tree,7,76,1.3169969784145235,1.5831088617083784
676,tree,7,77,0.2901313837905845,0.2771934488700475
677,tree,7,78,0.49888767873993867,0.5060363614565442
678,tree,7,79,0.5943162412624721,0.5441064719646456
679,tree,7,80,0.3647840331615192,0.3357312864000037
680,tree,7,81,0.5417354497241347,0.537272794159923
681,tree,7,82,1.8956102474894727,2.0046009899507187
682,tree,7,83,0.33588127174611887,0.3600949528145747
683,tree,7,84,0.14531178964997787,0.16212163987159786
684,tree,7,85,0.048270403279031815,0.02614890237256433
685,tree,7,86,0.0990403098520172,0.08599695577852451
686,tree,7,87,0.30928006237113953,0.29490284854562215
687,tree,7,88,2.511056899996237,2.5562922065896805
688,tree,7,89,1.1577247483298503,0.9724914407176741
689,tree,7,90,0.7569254076263827,0.7642678039333168
690,tree,7,91,0.2661882935295901,0.3425296547391805
691,tree,7,92,0.5800744656458847,0.6196981599352324
692,tree,7,93,2.4299764283813254,3.2523458137933496
693,tree,7,94,0.47909525622989735,0.42451792191432125
694,tree,7,95,1.6995177860101927,1.6888636852296186
695,tree,7,96,1.0028791239596406,1.020537171074472
696,tree,7,97,0.27420455056368687,0.29049156216251143
697,tree,7,98,0.42667226942908015,0.43405411116708914
698,tree,7,99,1.2571781525346972,1.3740787481085937
699,tree,7,100,0.7600148004844196,0.7446091437767975
700,tree,8,1,0.7345509929075752,0.8047165395429652
701,tree,8,2,0.1901107734531731,0.2616215824826281
702,tree,8,3,0.48347053962728254,0.5348614380306433
703,tree,8,4,0.9518989353996729,1.0704607883948378
704,tree,8,5,2.5504933502057248,2.636542802532827
705,tree,8,6,0.8722648960711975,0.8506348522872018
706,tree,8,7,0.2766717300224901,0.20649931283757794
707,tree,8,8,0.5703314836634658,0.5099309443866695
708,tree,8,9,0.2756840354476374,0.23545709100286363
709,tree,8,10,0.40670176097800426,0.5927311865698848
710,tree,8,11,0.5734291922201495,0.6455968544287904
711,tree,8,12,4.150314152935265,5.200112841458745
712,tree,8,13,0.2528763590163738,0.2718137922975764
713,tree,8,14,1.6127068023824016,1.7102670450120827
714,tree,8,15,0.632846021522166,0.6010727603898672
715,tree,8,16,1.126532398611495,1.2972965615829086
716,tree,8,17,0.8911140481002668,0.9647155121914962
717,tree,8,18,1.4569263709131504,1.4435697194938344
718,tree,8,19,0.8973807201210635,0.9496126732558448
719,tree,8,20,0.09986619885575108,0.10065061873339552
720,tree,8,21,0.6752686933807106,0.7464398593363386
721,tree,8,22,0.29282116131406444,0.18280286334799875
722,tree,8,23,0.18097467959171679,0.1590636989895399
723,tree,8,24,2.5605245057508843,2.4695727961710614
724,tree,8,25,0.1115578455700934,0.11757414386909065
725,tree,8,26,0.3086251964626399,0.29832082009832456
726,tree,8,27,0.08554634703343779,0.06611700264919276
727,tree,8,28,0.9082412670403779,0.8780918960941834
728,tree,8,29,5.179865555517299,4.9856237205316205
729,tree,8,30,2.607393290347776,2.358839655676036
730,tree,8,31,1.539673458810211,1.4014239381865452
731,tree,8,32,0.7207735080401574,0.5491480888617035
732,tree,8,33,0.44048179461726167,0.4626739247219771
733,tree,8,34,4.013653818647678,4.250905092257847
734,tree,8,35,2.3822863794427875,2.1926791844543505
735,tree,8,36,0.06019728811039645,0.054118811415413144
736,tree,8,37,2.2998513113832266,2.13417339577916
737,tree,8,38,0.9490181757637575,1.2307460595114221
738,tree,8,39,1.5343862872292275,1.3031407537937685
739,tree,8,40,0.3251955765491184,0.34517396300860237
740,tree,8,41,0.2437569123350924,0.2800794878930302
741,tree,8,42,0.41448233813799534,0.40760102114356617
742,tree,8,43,2.436807712002089,2.1901091631283123
743,tree,8,44,1.0327938634153468,0.9899262448263946
744,tree,8,45,0.35546730381399605,0.3249051131213991
745,tree,8,46,0.19088755102038069,0.1515199265478951
746,tree,8,47,1.997110037556362,2.393789464822268
747,tree,8,48,0.6732819683221296,0.6722449536283244
748,tree,8,49,1.160553986790268,1.0612044411979704
749,tree,8,50,1.1929623758916013,1.1431761786786854
750,tree,8,51,0.0024697544744450056,0.011098368763457964
751,tree,8,52,0.834063064623092,0.8758664908173636
752,tree,8,53,0.44063435802378154,0.41133057991201144
753,tree,8,54,2.2434869692292048,2.1436030886385735
754,tree,8,55,1.9379289630316516,1.5931484547569144
755,tree,8,56,2.748226046885063,2.886359947305494
756,tree,8,57,0.675965667442879,0.6140680775810091
757,tree,8,58,0.009466009036184666,0.026931398512124356
758,tree,8,59,0.14985191491420205,0.19827524607875108
759,tree,8,60,0.0026799827009474594,0.010304992338806041
760,tree,8,61,0.47508900207325094,0.43685778616947296
761,tree,8,62,0.006075742029576936,0.011514370319167369
762,tree,8,63,0.9684828903881098,1.0605376773076087
763,tree,8,64,0.24435392963496777,0.24198533358068888
764,tree,8,65,2.2589016360603056,2.314228270736811
765,tree,8,66,0.25115261742528594,0.27995058139119516
766,tree,8,67,1.3362925586204943,1.157251763718725
767,tree,8,68,0.2630196518830838,0.29054307480231295
768,tree,8,69,0.5310723315587669,0.5040754227795625
769,tree,8,70,0.8469651932014747,0.7870516105038458
770,tree,8,71,0.12366082729279781,0.0929608724268661
771,tree,8,72,0.027163264884596507,0.02049056481082833
772,tree,8,73,1.8009830368853983,1.5985401997615625
773,tree,8,74,0.10232251095875582,0.11351837674595193
774,tree,8,75,1.405655692458043,1.3178690014743932
775,tree,8,76,0.4336678247274455,0.4642845601725835
776,tree,8,77,1.7357378875954135,1.5640257111980258
777,tree,8,78,2.02078840570184,2.124488663194958
778,tree,8,79,2.6164611988164888,2.553292426831944
779,tree,8,80,0.8872170506879569,0.7874702091448577
780,tree,8,81,4.4726230543873955,4.275255559096722
781,tree,8,82,1.6683668844365118,1.682653163783642
782,tree,8,83,1.1799661398828467,1.2481902544836052
783,tree,8,84,0.18810660120327302,0.21405013632283926
784,tree,8,85,0.9439315613015081,1.0447603347344319
785,tree,8,86,0.06347541506680505,0.1246656800233347
786,tree,8,87,0.9696644634720777,1.1087970842450958
787,tree,8,88,1.3051883601268586,1.4646495666738806
788,tree,8,89,0.7910992487719981,0.6912266962801205
789,tree,8,90,1.148686645787969,1.1677311931775936
790,tree,8,91,0.20608480255647713,0.31132642244242387
791,tree,8,92,0.37911949414829366,0.2874743280535053
792,tree,8,93,0.1796027445812625,0.15373241207477714
793,tree,8,94,0.08584453220124601,0.09558098766985361
794,tree,8,95,0.5706891938998975,0.5682780192156497
795,tree,8,96,0.54390811602918,0.48760897817546034
796,tree,8,97,0.30087203172167837,0.24924616701937372
797,tree,8,98,0.8825551831777738,0.8411795913456999
798,tree,8,99,0.49681477296129134,0.4860262784213683
799,tree,8,100,0.36295381869775617,0.3162934443300619
800,tree,9,1,0.47687823999864243,0.4337639123567463
801,tree,9,2,0.8560962053305344,1.1061191376436752
802,tree,9,3,0.26892052590259563,0.2661368193453075
803,tree,9,4,0.4386118983894957,0.3547926574998429
804,tree,9,5,1.2987016959707232,1.2214117495531784
805,tree,9,6,0.28990470989546546,0.2871337019346249
806,tree,9,7,0.07841824607272936,0.12964707762071487
807,tree,9,8,0.3542286755879193,0.3857052474706655
808,tree,9,9,0.3678570186055407,0.5104977877917724
809,tree,9,10,0.576002803255803,0.8240651241142151
810,tree,9,11,0.41371123613764843,0.4010615298132227
811,tree,9,12,2.2907933798735023,2.478181638691891
812,tree,9,13,0.5485345458251221,0.5614987957482607
813,tree,9,14,5.576207080517081,5.083159921037501
814,tree,9,15,0.7670009061067902,0.6549315940990587
815,tree,9,16,2.965965221783355,3.283457822131909
816,tree,9,17,0.5851354121058593,0.7760118654682143
817,tree,9,18,1.0147698153701539,0.8836691805546336
818,tree,9,19,0.15062431506336735,0.13358468451454927
819,tree,9,20,0.24652975078558842,0.1900615323518284
820,tree,9,21,0.02017206201805303,0.02682134801829189
821,tree,9,22,0.7237123324160938,0.6275192076129644
822,tree,9,23,0.45876843468313205,0.6018465149435802
823,tree,9,24,0.3751725075756601,0.41755110608841445
824,tree,9,25,0.14456885907392156,0.1378307163348368
825,tree,9,26,0.7239663782372449,0.700212684293782
826,tree,9,27,0.32120989214858325,0.30670006478684697
827,tree,9,28,0.0017354647076597647,0.015183184885019008
828,tree,9,29,0.02635281393668508,0.026579444918971885
829,tree,9,30,0.0797903873068128,0.07408201918265885
830,tree,9,31,2.293080861414627,2.2653782008281302
831,tree,9,32,0.5288898905957103,0.47879561949028
832,tree,9,33,3.230830450517782,2.8906474968452223
833,tree,9,34,0.45366279988195596,0.33941673808911116
834,tree,9,35,0.02943842867878056,0.027804476298352174
835,tree,9,36,0.29452718266995953,0.3248577885284286
836,tree,9,37,2.2160277493478424,2.2769543309375093
837,tree,9,38,1.2112033407511016,1.1801003749796872
838,tree,9,39,1.0360569940303321,0.8317851586974405
839,tree,9,40,0.06385866622372723,0.03706468214417193
840,tree,9,41,0.8865830853248196,0.6940954374293223
841,tree,9,42,0.2383950493821141,0.22003182179290798
842,tree,9,43,0.9635338753241737,1.1009815229928772
843,tree,9,44,1.2000213854289343,1.3074310849895698
844,tree,9,45,1.3018952495896963,1.126346253799679
845,tree,9,46,0.6042705093361977,0.5564037810785154
846,tree,9,47,1.8337280678755423,1.889310325592018
847,tree,9,48,0.8754180645301893,0.8720700417674431
848,tree,9,49,0.3454783611924891,0.2528088189769006
849,tree,9,50,1.3212987822485736,1.2952271820224903
850,tree,9,51,0.5237025086028314,0.5017187390737105
851,tree,9,52,0.8919985873585526,0.9882984357514661
852,tree,9,53,0.6097948154419752,0.5823213792541518
853,tree,9,54,0.25216670162277294,0.25833148581945037
854,tree,9,55,0.27094677444829673,0.25161361085045203
855,tree,9,56,2.6669393492248847,2.3043768325579355
856,tree,9,57,0.6555123373962511,0.8489002390927008
857,tree,9,58,0.03697243556359334,0.03644378307192772
858,tree,9,59,1.1596396533045685,1.1205293684081978
859,tree,9,60,1.5159391961228372,1.6019437609436318
860,tree,9,61,1.136202514833775,1.1222255199939963
861,tree,9,62,0.7535270800473097,0.8791480429172326
862,tree,9,63,1.8518194543376882,2.291307809131668
863,tree,9,64,2.08766367167059,2.4622228261692496
864,tree,9,65,1.8625803123694422,2.019746542494491
865,tree,9,66,1.652892187201191,1.7251863592370924
866,tree,9,67,0.6729072971215488,0.687247902957525
867,tree,9,68,0.5924516428934588,0.6875131638911037
868,tree,9,69,0.20767898456364914,0.24344938674316008
869,tree,9,70,0.24259591045292156,0.3241006048524217
870,tree,9,71,0.3826649719668701,0.34046421418464107
871,tree,9,72,0.08866388914534164,0.10206093690508651
872,tree,9,73,1.2347453871020428,1.2052186966831098
873,tree,9,74,0.4178901408826894,0.49845449181534834
874,tree,9,75,1.0768052450306214,0.9204414857078586
875,tree,9,76,0.6429478696961811,0.6060438399181117
876,tree,9,77,1.237399760634685,1.1665112660823618
877,tree,9,78,0.19011969025333111,0.14927141335147262
878,tree,9,79,2.572283956471778,2.3304383554999446
879,tree,9,80,3.1625647955190592,2.9444031176033185
880,tree,9,81,3.0463639876091544,2.554038503242904
881,tree,9,82,0.11268937302998353,0.05930153363357837
882,tree,9,83,1.124448359671818,1.1248835227876004
883,tree,9,84,1.2291451304312,1.6009673008572165
884,tree,9,85,1.2063369927749286,0.9990519574691206
885,tree,9,86,0.012072910801329008,0.026219766258505556
886,tree,9,87,1.5469789516941113,1.5013640595426778
887,tree,9,88,0.06841696761080936,0.12384908134289954
888,tree,9,89,1.653396621813167,1.393548988900856
889,tree,9,90,1.4914304924312567,1.4587560828643567
890,tree,9,91,1.0795744390215847,1.1174269307286766
891,tree,9,92,3.6310071211712236,3.4510543708421846
892,tree,9,93,1.082211603301437,1.0367205153975305
893,tree,9,94,0.5279956513471717,0.5366887188791633
894,tree,9,95,0.09846418561727291,0.10841896082978318
895,tree,9,96,3.8386548439554935,4.387780245857207
896,tree,9,97,1.8380518302392168,2.1178250217915244
897,tree,9,98,0.37950341328227344,0.5108242066796955
898,tree,9,99,1.0608125880254433,0.9674329700737059
899,tree,9,100,0.9538878058640722,0.8571844429706723
900,tree,10,1,0.6706858636482985,0.7936930050119038
901,tree,10,2,0.14018649021526525,0.12530436264559247
902,tree,10,3,1.3527966327641554,1.2489136079488352
903,tree,10,4,0.016917575033432147,0.028121678306113212
904,tree,10,5,1.5530885391241156,1.6578471440418407
905,tree,10,6,2.302499052341385,2.252098050131605
906,tree,10,7,2.4988420007006993,2.5551097255965605
907,tree,10,8,0.5011026363609107,0.5236553305313107
908,tree,10,9,0.2022212637554706,0.19964537901288895
909,tree,10,10,0.08568069685458571,0.09534947103606352
910,tree,10,11,1.938245403992882,2.1190985722004125
911,tree,10,12,1.9042064931285574,1.8901679788712908
912,tree,10,13,0.8204601838789538,0.8365590891227154
913,tree,10,14,3.597280711636329,3.5380192860072497
914,tree,10,15,0.6653121660438822,0.6481214100426899
915,tree,10,16,0.2531723217041968,0.25275754588365323
916,tree,10,17,0.2815934564904961,0.20567185604263855
917,tree,10,18,0.9847087626461436,1.0599742228208866
918,tree,10,19,0.7152870943095131,0.8365888799832107
919,tree,10,20,0.03702215623977207,0.03443469095156231
920,tree,10,21,1.309197306979736,1.4143596903598064
921,tree,10,22,0.6959921533678411,0.5749348543975967
922,tree,10,23,0.9621261376048531,0.8141215797974388
923,tree,10,24,0.3215853193756434,0.3883120848749253
924,tree,10,25,0.29329207769525695,0.24046420853833458
925,tree,10,26,0.3680719537010976,0.3812067363770615
926,tree,10,27,1.0219205713587558,0.9841751583450481
927,tree,10,28,2.968891412602458,2.6946924973651782
928,tree,10,29,0.3727417661471637,0.4559597462838816
929,tree,10,30,0.1294637205490158,0.15333878554229396
930,tree,10,31,1.3440932679256372,1.342631269143004
931,tree,10,32,0.12510033310854735,0.08318549947702539
932,tree,10,33,0.5343027896868494,0.4318176593416402
933,tree,10,34,1.5282494353626255,1.38254118331781
934,tree,10,35,0.1770724602016125,0.16510447637035525
935,tree,10,36,0.027663397327197303,0.03237772597834262
936,tree,10,37,0.2528172649998798,0.2882235496800114
937,tree,10,38,0.09024148036071525,0.11057018398210763
938,tree,10,39,0.43561965425257515,0.49421370666253844
939,tree,10,40,0.13219445331951807,0.22390049075099994
940,tree,10,41,1.091862981140756,1.2130481792319752
941,tree,10,42,0.9904148865430766,0.9985236011897548
942,tree,10,43,0.04476743157391428,0.05343436501872963
943,tree,10,44,5.113801922749425,5.602069871596026
944,tree,10,45,0.1545392363866911,0.12413467217523173
945,tree,10,46,0.2351371848618684,0.255955938330309
946,tree,10,47,0.16673203787301724,0.15571466738039919
947,tree,10,48,1.2375861700644233,1.2152873916034388
948,tree,10,49,1.5573300210827736,1.5579220675127277
949,tree,10,50,0.08562751896188231,0.09662511984578909
950,tree,10,51,2.5074575784220814,2.387620382078899
951,tree,10,52,2.818885189740232,2.3620548000939237
952,tree,10,53,0.6488422973329507,0.7405151237699533
953,tree,10,54,0.06347246080264081,0.08048207488986733
954,tree,10,55,1.6154556308671506,1.6367204193690157
955,tree,10,56,1.7588881095677675,1.9359063554185423
956,tree,10,57,0.650224136434219,0.5490582207726559
957,tree,10,58,0.636133127330417,0.7048336104325575
958,tree,10,59,0.217151565519793,0.25476890484979925
959,tree,10,60,1.333460163174945,1.373511698249815
960,tree,10,61,1.843079797430619,1.9013190618057136
961,tree,10,62,2.408475512766045,2.403793812023757
962,tree,10,63,0.32370928160838774,0.40518990379716285
963,tree,10,64,5.016359426003138,4.280184120726623
964,tree,10,65,0.9227250006564838,0.9388087949953889
965,tree,10,66,0.6815878632498766,0.6514272624635267
966,tree,10,67,2.302781742577226,2.060185859687447
967,tree,10,68,1.0788607156795609,1.1263001777010688
968,tree,10,69,0.4568606419129994,0.43857296391074907
969,tree,10,70,0.4912547985812729,0.7112403299135114
970,tree,10,71,0.09413702190114946,0.1252622248103894
971,tree,10,72,0.24834993313158377,0.37883716597500017
972,tree,10,73,0.208133778806964,0.1766790626434168
973,tree,10,74,2.6203273968744036,2.6930064555369575
974,tree,10,75,2.3873965432123034,2.4266676178032474
975,tree,10,76,1.0770054101267015,1.2380501088003277
976,tree,10,77,1.473538589185038,1.5049065601127425
977,tree,10,78,0.08198081723258557,0.07493856707072707
978,tree,10,79,0.5375051043129415,0.502307247877024
979,tree,10,80,1.3155668876310604,1.3718430471077117
980,tree,10,81,0.17695186947138428,0.17532523162268707
981,tree,10,82,0.2486004501388224,0.22805130615293012
982,tree,10,83,0.944553155657524,1.0216052441592156
983,tree,10,84,2.554556634956499,2.170006847061878
984,tree,10,85,1.4175594499382815,1.455593010146887
985,tree,10,86,0.0647021795264789,0.053119047403854175
986,tree,10,87,0.03711427992236188,0.03967433163550311
987,tree,10,88,2.4676111594606516,2.314241500711052
988,tree,10,89,1.6319583358985776,2.0690925953602783
989,tree,10,90,0.1434706693279075,0.08966355175439909
990,tree,10,91,0.30853721195375744,0.2748968029773397
991,tree,10,92,1.5895464576653688,1.5859794503278069
992,tree,10,93,2.0632933736971126,2.094575386733292
993,tree,10,94,1.0844689456679062,1.0282053288336066
994,tree,10,95,0.8457017287367662,0.961591201695044
995,tree,10,96,1.2009565059700533,1.2121112305628923
996,tree,10,97,0.08246305517914836,0.06843705683074616
997,tree,10,98,0.4335365559996939,0.31928109941482563
998,tree,10,99,0.13367768059197896,0.16201402480625202
999,tree,10,100,0.4613879301333868,0.41156557046313874
